CREATE DATABASE  IF NOT EXISTS `rfmsoftn_sg` /*!40100 DEFAULT CHARACTER SET latin1 */;
USE `rfmsoftn_sg`;
-- MySQL dump 10.13  Distrib 8.0.13, for Win64 (x86_64)
--
-- Host: rfmsoft.net    Database: rfmsoftn_sg
-- ------------------------------------------------------
-- Server version	5.6.43

/*!40101 SET @OLD_CHARACTER_SET_CLIENT=@@CHARACTER_SET_CLIENT */;
/*!40101 SET @OLD_CHARACTER_SET_RESULTS=@@CHARACTER_SET_RESULTS */;
/*!40101 SET @OLD_COLLATION_CONNECTION=@@COLLATION_CONNECTION */;
 SET NAMES utf8 ;
/*!40103 SET @OLD_TIME_ZONE=@@TIME_ZONE */;
/*!40103 SET TIME_ZONE='+00:00' */;
/*!40014 SET @OLD_UNIQUE_CHECKS=@@UNIQUE_CHECKS, UNIQUE_CHECKS=0 */;
/*!40014 SET @OLD_FOREIGN_KEY_CHECKS=@@FOREIGN_KEY_CHECKS, FOREIGN_KEY_CHECKS=0 */;
/*!40101 SET @OLD_SQL_MODE=@@SQL_MODE, SQL_MODE='NO_AUTO_VALUE_ON_ZERO' */;
/*!40111 SET @OLD_SQL_NOTES=@@SQL_NOTES, SQL_NOTES=0 */;

--
-- Table structure for table `actuacions`
--

DROP TABLE IF EXISTS `actuacions`;
/*!40101 SET @saved_cs_client     = @@character_set_client */;
 SET character_set_client = utf8mb4 ;
CREATE TABLE `actuacions` (
  `idactuacio` int(11) NOT NULL AUTO_INCREMENT,
  `nom` varchar(45) NOT NULL,
  `descripcio` varchar(245) DEFAULT NULL,
  PRIMARY KEY (`idactuacio`)
) ENGINE=InnoDB AUTO_INCREMENT=7 DEFAULT CHARSET=utf8;
/*!40101 SET character_set_client = @saved_cs_client */;

--
-- Dumping data for table `actuacions`
--

LOCK TABLES `actuacions` WRITE;
/*!40000 ALTER TABLE `actuacions` DISABLE KEYS */;
INSERT INTO `actuacions` VALUES (1,'indefinida','Actuació no definida o desconeguda'),(2,'Retirar','Retirar objecte.'),(3,'Revisar','Revisar i informar.'),(4,'Colocar','Colocar/Instal·lar objecte.'),(6,'Desplaçar','Desplaçar/Moure l\'objecte de lloc.');
/*!40000 ALTER TABLE `actuacions` ENABLE KEYS */;
UNLOCK TABLES;

--
-- Table structure for table `dada`
--

DROP TABLE IF EXISTS `dada`;
/*!40101 SET @saved_cs_client     = @@character_set_client */;
 SET character_set_client = utf8mb4 ;
CREATE TABLE `dada` (
  `iddada` int(11) NOT NULL AUTO_INCREMENT,
  `latitude` double NOT NULL,
  `longitude` double NOT NULL,
  `idestat` int(11) NOT NULL,
  `idactuacio` int(11) NOT NULL,
  `idobjecte` int(11) NOT NULL,
  `idusuariassig` int(11) DEFAULT '0',
  `idperfilassig` int(11) DEFAULT '0',
  `timestamp` bigint(20) DEFAULT NULL,
  PRIMARY KEY (`iddada`,`idestat`,`idactuacio`,`idobjecte`),
  KEY `estat_rel_idx` (`idestat`),
  KEY `actuacio_rel_idx` (`idactuacio`),
  KEY `objecte_rel_idx` (`idobjecte`),
  CONSTRAINT `actuacio_rel` FOREIGN KEY (`idactuacio`) REFERENCES `actuacions` (`idactuacio`) ON DELETE NO ACTION ON UPDATE NO ACTION,
  CONSTRAINT `estat_rel` FOREIGN KEY (`idestat`) REFERENCES `estats` (`idestat`) ON DELETE NO ACTION ON UPDATE NO ACTION,
  CONSTRAINT `objecte_rel` FOREIGN KEY (`idobjecte`) REFERENCES `objectes` (`idobjecte`) ON DELETE NO ACTION ON UPDATE NO ACTION
) ENGINE=InnoDB AUTO_INCREMENT=9240 DEFAULT CHARSET=utf8;
/*!40101 SET character_set_client = @saved_cs_client */;

--
-- Dumping data for table `dada`
--

LOCK TABLES `dada` WRITE;
/*!40000 ALTER TABLE `dada` DISABLE KEYS */;
INSERT INTO `dada` VALUES (83,41.3877565824004,2.12276458740234,1,4,2,5,0,20130429121809),(84,41.3904611025895,2.1397590637207,1,3,2,5,0,20130428211503),(85,41.3940669544992,2.15486526489258,1,4,2,5,0,20130428211503),(88,41.4029519500852,2.18593597412109,1,4,2,5,0,20130428211257),(89,41.404883310135,2.19331741333008,1,4,2,5,0,20130428211257),(90,41.4065571090777,2.19949722290039,1,4,2,5,0,20130428211257),(91,41.372171203018,2.16259002685547,1,4,2,5,0,20130428212732),(92,41.3737170273134,2.13340759277344,1,4,2,5,0,20130502204921),(93,41.3760356948804,2.09976196289062,1,4,2,5,0,20130428212732),(94,41.391362584318,2.18713760375977,1,4,2,5,0,20130428222256),(96,41.4380937176206,2.16567993164062,1,4,1,5,0,20130429191314),(97,41.4386084739572,2.15057373046875,1,4,1,5,0,20130429191314),(98,41.4342329149606,2.1478271484375,1,4,2,5,0,20130429191314),(99,41.4262531950727,2.14473724365234,1,3,2,5,0,20130429130856),(101,41.4072008664208,2.12173461914062,1,2,2,5,0,20130429130856),(102,41.396127351503,2.109375,1,3,2,5,0,20130429130856),(103,41.3884005259833,2.10456848144531,1,4,2,5,0,20130429130856),(104,41.3569686409123,2.12379455566406,1,4,2,5,0,20130502204854),(105,41.4305005874296,2.17752456665039,1,4,2,5,0,20130429183406),(106,41.4303718826528,2.18301773071289,1,4,2,5,0,20130429183406),(107,41.4303718826528,2.18799591064453,1,4,2,5,0,20130429183406),(108,41.4226491291095,2.18730926513672,3,3,2,5,0,20130429185436),(109,41.3777102367209,2.12791442871094,1,1,1,5,0,20130429194108),(269,41.3928435628768,2.16546535491943,1,4,2,5,0,20130429195838),(283,41.3753916288469,2.15615272521973,1,3,3,7,0,20130503103847),(285,41.3739102527674,2.1518611907959,1,3,1,9,0,20130430154245),(290,41.3847943597732,2.14902877807617,1,1,1,5,0,20130502205026),(311,41.3760678980147,2.15744018554688,1,6,4,7,0,20130503103916),(354,41.5660616926082,2.22992420196533,1,3,5,8,0,20131008084031),(355,41.5747626142316,2.2306752204895,1,3,5,8,0,20131008084031),(356,41.5746743266321,2.23149061203003,1,3,5,8,0,20131008084031),(357,41.5751558938901,2.23158717155457,1,3,5,8,0,20131008084031),(358,41.5761511215123,2.23257422447205,1,3,5,8,0,20131008084031),(359,41.5751960243329,2.23235964775085,1,3,5,8,0,20131008084031),(360,41.5739519690132,2.23150134086609,1,3,5,8,0,20131008084031),(361,41.5738155227781,2.23363637924194,1,3,5,8,0,20131008084031),(362,41.5739038115514,2.23255276679993,1,3,5,8,0,20131008084031),(363,41.5735747346013,2.23190903663635,1,3,5,8,0,20131008084031),(364,41.5734382875693,2.23306775093079,1,3,5,8,0,20131008084031),(365,41.5729727602322,2.23211288452148,1,3,5,8,0,20131008084031),(366,41.572611572918,2.23234891891479,1,3,5,8,0,20131008084031),(367,41.5721540660875,2.23142623901367,1,3,5,8,0,20131008084031),(368,41.573028944744,2.23399043083191,1,3,5,8,0,20131008084031),(369,41.5725152559598,2.23443031311035,1,3,5,8,0,20131008084031),(370,41.5738717065569,2.22999930381775,1,3,5,8,0,20131008084031),(371,41.5742088082032,2.22869038581848,1,3,5,8,0,20131008084031),(372,41.5740001264391,2.22836852073669,1,3,5,8,0,20131008084031),(373,41.5740482838291,2.22752094268799,1,3,5,8,0,20131008084031),(374,41.5741526247177,2.22630858421326,1,3,5,8,0,20131008084031),(375,41.5746261697089,2.22638368606567,1,3,5,8,0,20131008084031),(686,41.3661009139,2.0789037278,1,3,1,5,0,20131016214645),(687,41.3644665367,2.0708461297,1,3,1,5,0,20131016214645),(688,41.3640959034,2.0803630444,1,3,1,5,0,20131016214645),(689,41.3644679431,2.0711137392,1,3,1,5,0,20131016214645),(690,41.3645985955,2.0757065845,1,3,1,5,0,20131016214645),(691,41.3640687992,2.0723417895,1,3,1,5,0,20131016214645),(692,41.3608437817,2.0720121406,1,3,1,5,0,20131016214645),(693,41.3627536663,2.0832155685,1,3,1,5,0,20131016214645),(694,41.3631313746,2.0839750489,1,3,1,5,0,20131016214645),(695,41.3662151733,2.0796889446,1,3,1,5,0,20131016214645),(696,41.363959413,2.0859210752,1,3,1,5,0,20131016214645),(697,41.3621143615,2.0842857712,1,3,1,5,0,20131016214645),(698,41.3609529246,2.0782793928,1,3,1,5,0,20131016214645),(699,41.3599132458,2.0622296531,1,3,1,5,0,20131016214645),(700,41.3589830736,2.0595898185,1,3,1,5,0,20131016214645),(701,41.3591212065,2.080750911,1,3,1,5,0,20131016214645),(702,41.3587271784,2.077687225199952,4,4,1,5,0,20160212191053),(703,41.3586182094,2.0815199309,1,3,1,5,0,20131016214645),(704,41.3587995424,2.0866584139,1,3,1,5,0,20131016214645),(705,41.357955027,2.0650466555,1,3,1,5,0,20131016214645),(706,41.3583513958,2.0710495048,1,3,1,5,0,20131016214645),(707,41.3579254159,2.0789309258,1,3,1,5,0,20131016214645),(708,41.3576162949,2.0679250831,1,3,1,5,0,20131016214645),(709,41.3574177423,2.0702362644,1,3,1,5,0,20131016214645),(710,41.3572964126,2.0705597376,1,3,1,5,0,20131016214645),(711,41.3570788871,2.0772340123,1,3,1,5,0,20131016214645),(712,41.3573028502,2.0793675808,1,3,1,5,0,20131016214645),(713,41.3575059503,2.085833444,1,3,1,5,0,20131016214645),(714,41.3566461192,2.0783690331,1,3,1,5,0,20131016214645),(715,41.3568388263,2.0819094898,1,3,1,5,0,20131016214645),(716,41.3563201062,2.077014614,1,3,1,5,0,20131016214645),(717,41.3561133121,2.077651237,1,3,1,5,0,20131016214645),(718,41.3555445899,2.0642188265,1,3,1,5,0,20131016214645),(719,41.3558189347,2.0683624819,1,3,1,5,0,20131016214645),(720,41.3553330046,2.0735666474,1,3,1,5,0,20131016214645),(721,41.3556827889,2.0775221871,1,3,1,5,0,20131016214645),(722,41.3552002505,2.0717250107,1,3,1,5,0,20131016214645),(723,41.3550834415,2.0796561869,1,3,1,5,0,20131016214645),(724,41.3543728316,2.0756916722,1,3,1,5,0,20131016214645),(725,41.3539441308,2.0748591962,1,3,1,5,0,20131016214645),(726,41.3532058257,2.0653565509,1,3,1,5,0,20131016214645),(727,41.3525608102,2.0662324269,1,3,1,5,0,20131016214645),(728,41.3539431343,2.088683896,1,3,1,5,0,20131016214645),(729,41.3530926767,2.0861217053,1,3,1,5,0,20131016214645),(730,41.3526327734,2.0886594667,1,3,1,5,0,20131016214645),(731,41.3515692807,2.0709435724,1,3,1,5,0,20131016214645),(732,41.3512684056,2.0864247674,1,3,1,5,0,20131016214645),(733,41.3507398223,2.0735004416,1,3,1,5,0,20131016214645),(734,41.3512604017,2.0895534002,1,3,1,5,0,20131016214645),(735,41.3505278181,2.0685783486,1,3,1,5,0,20131016214645),(736,41.3502738457,2.0700110125,1,3,1,5,0,20131016214645),(737,41.3502103658,2.0815731647,1,3,1,5,0,20131016214645),(738,41.3504808002,2.0871837985,1,3,1,5,0,20131016214645),(739,41.3500378734,2.0869386934,1,3,1,5,0,20131016214645),(740,41.349320729,2.0814839093,1,3,1,5,0,20131016214645),(741,41.3491083782,2.0674702425,1,3,1,5,0,20131016214645),(742,41.3486829005,2.0705070583,1,3,1,5,0,20131016214645),(743,41.3489758135,2.0728064696,1,3,1,5,0,20131016214645),(744,41.3475961327,2.0700946479,1,3,1,5,0,20131016214645),(745,41.3482911872,2.0672563098,1,3,1,5,0,20131016214645),(746,41.3488005376,2.08435553560003,1,4,1,5,0,20150727164056),(747,41.3500810096,2.0873578811,1,3,1,5,0,20131016214645),(748,41.3664859417,2.078026066,1,3,1,5,0,20131016214645),(749,41.3666164741,2.0775303867,1,3,1,5,0,20131016214645),(750,41.3624161574,2.0740840584,1,3,1,5,0,20131016214645),(751,41.362273207,2.0734227371,1,3,1,5,0,20131016214645),(752,41.3561010923,2.0700683238,1,3,1,5,0,20131016214645),(753,41.3531981065,2.096661221,1,3,1,5,0,20131016214645),(754,41.3490905239,2.0720936818,1,3,1,5,0,20131016214645),(755,41.3587954327,2.07416571479996,1,1,1,5,0,20150727164007),(756,41.3640087899,2.0732190496,1,3,1,5,0,20131016214645),(757,41.3635291692,2.0813031892,1,3,1,5,0,20131016214645),(758,41.3639241563,2.0736559205,1,3,1,5,0,20131016214645),(759,41.3643133016,2.0739136807,1,3,1,5,0,20131016214645),(760,41.3646167939,2.0738626796,1,3,1,5,0,20131016214645),(761,41.3603174461,2.0720135122,1,3,1,5,0,20131016214645),(762,41.3581361261,2.0709122052,1,3,1,5,0,20131016214645),(763,41.3579999414,2.0723633718,1,3,1,5,0,20131016214645),(764,41.3563199736,2.0720532843,1,3,1,5,0,20131016214645),(765,41.3551774414,2.0702430094,1,3,1,5,0,20131016214645),(766,41.3548152913,2.0706989835,1,3,1,5,0,20131016214645),(767,41.3531209257,2.0712085231,1,3,1,5,0,20131016214645),(768,41.3533747297,2.0724417977,1,3,1,5,0,20131016214645),(769,41.351415949,2.0747351406,1,3,1,5,0,20131016214645),(770,41.3607638704,2.0663345572,1,3,1,5,0,20131016214645),(771,41.3495433369,2.0836636118,1,3,1,5,0,20131016214645),(772,41.3511516136,2.0857992188,1,3,1,5,0,20131016214645),(773,41.3542014887,2.0908328408,1,3,1,5,0,20131016214645),(774,41.3546795676,2.0916983032,1,3,1,5,0,20131016214645),(776,41.3623867715,2.08258754,1,3,1,5,0,20131016214645),(777,41.3630071793,2.0827965396,1,3,1,5,0,20131016214645),(778,41.3633312173,2.0822972479,1,3,1,5,0,20131016214645),(779,41.3656439369,2.0816511934,1,3,1,5,0,20131016214645),(780,41.3664329463,2.0818143974,1,3,1,5,0,20131016214645),(781,41.3646636434,2.0744073449,1,3,1,5,0,20131016214645),(782,41.3600176796,2.072581929,1,3,1,5,0,20131016214645),(783,41.3535030214,2.0777046438,1,3,1,5,0,20131016214645),(784,41.3492111968,2.0699499547,1,3,1,5,0,20131016214645),(785,41.3490672969,2.071021364,1,3,1,5,0,20131016214645),(786,41.3481993762,2.069742811,1,3,1,5,0,20131016214645),(787,41.3562894921,2.0714816377,1,3,1,5,0,20131016214645),(788,41.3661009139,2.0789037278,1,4,2,7,0,20131016214806),(789,41.3644665367,2.0708461297,1,4,2,7,0,20131016214806),(790,41.3640959034,2.0803630444,1,4,2,7,0,20131016214806),(791,41.3644679431,2.0711137392,1,4,2,7,0,20131016214806),(792,41.3645985955,2.0757065845,1,4,2,7,0,20131016214806),(793,41.3640687992,2.0723417895,1,4,2,7,0,20131016214806),(794,41.3608437817,2.0720121406,1,4,2,7,0,20131016214806),(795,41.3627536663,2.0832155685,1,4,2,7,0,20131016214806),(796,41.3631313746,2.0839750489,1,4,2,7,0,20131016214806),(797,41.3662151733,2.0796889446,1,4,2,7,0,20131016214806),(798,41.363959413,2.0859210752,1,4,2,7,0,20131016214806),(799,41.3621143615,2.0842857712,1,4,2,7,0,20131016214806),(800,41.3609529246,2.0782793928,1,4,2,7,0,20131016214806),(801,41.3599132458,2.0622296531,1,4,2,7,0,20131016214806),(802,41.3589830736,2.0595898185,1,4,2,7,0,20131016214806),(803,41.3591212065,2.080750911,1,4,2,7,0,20131016214806),(804,41.3587271784,2.0776872252,1,4,2,7,0,20131016214806),(805,41.3586182094,2.0815199309,1,4,2,7,0,20131016214806),(806,41.3587995424,2.0866584139,1,4,2,7,0,20131016214806),(807,41.357955027,2.0650466555,1,4,2,7,0,20131016214806),(808,41.3583513958,2.0710495048,1,4,2,7,0,20131016214806),(809,41.3579254159,2.0789309258,1,4,2,7,0,20131016214806),(810,41.3576162949,2.0679250831,1,4,2,7,0,20131016214806),(811,41.3574177423,2.0702362644,1,4,2,7,0,20131016214806),(812,41.3572964126,2.0705597376,1,4,2,7,0,20131016214806),(813,41.3570788871,2.0772340123,1,4,2,7,0,20131016214806),(814,41.3573028502,2.0793675808,1,4,2,7,0,20131016214806),(815,41.3575059503,2.085833444,1,4,2,7,0,20131016214806),(816,41.3566461192,2.0783690331,1,4,2,7,0,20131016214806),(817,41.3568388263,2.0819094898,1,4,2,7,0,20131016214806),(818,41.3563201062,2.077014614,1,4,2,7,0,20131016214806),(819,41.3561133121,2.077651237,1,4,2,7,0,20131016214806),(820,41.3555445899,2.0642188265,1,4,2,7,0,20131016214806),(821,41.3558189347,2.0683624819,1,4,2,7,0,20131016214806),(822,41.3553330046,2.0735666474,1,4,2,7,0,20131016214806),(823,41.3556827889,2.0775221871,1,4,2,7,0,20131016214806),(824,41.3552002505,2.0717250107,1,4,2,7,0,20131016214806),(825,41.3550834415,2.0796561869,1,4,2,7,0,20131016214806),(826,41.3543728316,2.0756916722,1,4,2,7,0,20131016214806),(827,41.3539441308,2.0748591962,1,4,2,7,0,20131016214806),(828,41.3532058257,2.0653565509,1,4,2,7,0,20131016214806),(829,41.3525608102,2.0662324269,1,4,2,7,0,20131016214806),(830,41.3539431343,2.088683896,1,4,2,7,0,20131016214806),(831,41.3530926767,2.0861217053,1,4,2,7,0,20131016214806),(832,41.3526327734,2.0886594667,1,4,2,7,0,20131016214806),(833,41.3515692807,2.0709435724,1,4,2,7,0,20131016214806),(834,41.3512684056,2.0864247674,1,4,2,7,0,20131016214806),(835,41.3507398223,2.0735004416,1,4,2,7,0,20131016214806),(836,41.3512604017,2.0895534002,1,4,2,7,0,20131016214806),(837,41.3505278181,2.0685783486,1,4,2,7,0,20131016214806),(838,41.3502738457,2.0700110125,1,4,2,7,0,20131016214806),(839,41.3502103658,2.0815731647,1,4,2,7,0,20131016214806),(840,41.3504808002,2.0871837985,1,4,2,7,0,20131016214806),(841,41.3500378734,2.0869386934,1,4,2,7,0,20131016214806),(842,41.349320729,2.0814839093,1,4,2,7,0,20131016214806),(843,41.3491083782,2.0674702425,1,4,2,7,0,20131016214806),(844,41.3486829005,2.0705070583,1,4,2,7,0,20131016214806),(845,41.3489758135,2.0728064696,1,4,2,7,0,20131016214806),(846,41.3475961327,2.0700946479,1,4,2,7,0,20131016214806),(847,41.3482911872,2.0672563098,1,4,2,7,0,20131016214806),(848,41.3488005376,2.0843555356,1,4,2,7,0,20131016214806),(849,41.3500810096,2.0873578811,1,4,2,7,0,20131016214806),(850,41.3664859417,2.078026066,1,4,2,7,0,20131016214806),(851,41.3666164741,2.0775303867,1,4,2,7,0,20131016214806),(852,41.3624161574,2.0740840584,1,4,2,7,0,20131016214806),(853,41.362273207,2.0734227371,1,4,2,7,0,20131016214806),(854,41.3561010923,2.0700683238,1,4,2,7,0,20131016214806),(855,41.3531981065,2.0966612209999766,4,2,2,7,0,20180427163032),(856,41.3490905239,2.0720936818,1,4,2,7,0,20131016214806),(857,41.3587954327,2.0741657148,1,4,2,7,0,20131016214806),(858,41.3640087899,2.0732190496,1,4,2,7,0,20131016214806),(859,41.3635291692,2.0813031892,1,4,2,7,0,20131016214806),(860,41.3639241563,2.0736559205,1,4,2,7,0,20131016214806),(861,41.3643133016,2.0739136807,1,4,2,7,0,20131016214806),(862,41.3646167939,2.0738626796,1,4,2,7,0,20131016214806),(863,41.3603174461,2.0720135122,1,4,2,7,0,20131016214806),(864,41.3581361261,2.0709122052,1,4,2,7,0,20131016214806),(865,41.3579999414,2.0723633718,1,4,2,7,0,20131016214806),(866,41.3563199736,2.0720532843,1,4,2,7,0,20131016214806),(867,41.3551774414,2.0702430094,1,4,2,7,0,20131016214806),(868,41.3548152913,2.0706989835,1,4,2,7,0,20131016214806),(869,41.3531209257,2.0712085231,1,4,2,7,0,20131016214806),(870,41.3533747297,2.0724417977,1,4,2,7,0,20131016214806),(871,41.351415949,2.0747351406,1,4,2,7,0,20131016214806),(872,41.3607638704,2.0663345572,1,4,2,7,0,20131016214806),(873,41.3495433369,2.0836636118,1,4,2,7,0,20131016214806),(874,41.3511516136,2.0857992188,1,4,2,7,0,20131016214806),(875,41.3542014887,2.0908328408,1,4,2,7,0,20131016214806),(876,41.3546795676,2.0916983032,1,4,2,7,0,20131016214806),(877,41.3604223348,2.0849205037,1,4,2,7,0,20131016214806),(878,41.3623867715,2.08258754,1,4,2,7,0,20131016214806),(879,41.3630071793,2.0827965396,1,4,2,7,0,20131016214806),(880,41.3633312173,2.0822972479,1,4,2,7,0,20131016214806),(881,41.3656439369,2.0816511934,1,4,2,7,0,20131016214806),(882,41.3664329463,2.0818143974,1,4,2,7,0,20131016214806),(883,41.3646636434,2.0744073449,1,4,2,7,0,20131016214806),(884,41.3600176796,2.072581929,1,4,2,7,0,20131016214806),(885,41.3535030214,2.0777046438,1,4,2,7,0,20131016214806),(886,41.3492111968,2.0699499547,1,4,2,7,0,20131016214806),(887,41.3490672969,2.071021364,1,4,2,7,0,20131016214806),(888,41.3481993762,2.069742811,1,4,2,7,0,20131016214806),(889,41.3562894921,2.0714816377,1,4,2,7,0,20131016214806),(890,41.3730729383211,2.1232795715332,1,1,1,7,0,20131016214836),(891,41.3661009139,2.0789037278,1,1,1,8,0,20131016215014),(892,41.3644665367,2.0708461297,1,1,1,8,0,20131016215014),(893,41.3640959034,2.0803630444,1,1,1,8,0,20131016215014),(894,41.3644679431,2.0711137392,1,1,1,8,0,20131016215014),(895,41.3645985955,2.0757065845,1,1,1,8,0,20131016215014),(896,41.3640687992,2.0723417895,1,1,1,8,0,20131016215014),(897,41.3608437817,2.0720121406,1,1,1,8,0,20131016215014),(898,41.3627536663,2.0832155685,1,1,1,8,0,20131016215014),(899,41.3631313746,2.0839750489,1,1,1,8,0,20131016215014),(900,41.3662151733,2.0796889446,1,1,1,8,0,20131016215014),(901,41.363959413,2.0859210752,1,1,1,8,0,20131016215014),(902,41.3621143615,2.0842857712,1,1,1,8,0,20131016215014),(903,41.3609529246,2.0782793928,1,1,1,8,0,20131016215014),(904,41.3599132458,2.0622296531,1,1,1,8,0,20131016215014),(905,41.3589830736,2.0595898185,1,1,1,8,0,20131016215014),(906,41.3591212065,2.080750911,1,1,1,8,0,20131016215014),(907,41.3587271784,2.0776872252,1,1,1,8,0,20131016215014),(908,41.3586182094,2.0815199309,1,1,1,8,0,20131016215014),(909,41.3587995424,2.0866584139,1,1,1,8,0,20131016215014),(910,41.357955027,2.0650466555,1,1,1,8,0,20131016215014),(911,41.3583513958,2.0710495048,1,1,1,8,0,20131016215014),(912,41.3579254159,2.0789309258,1,1,1,8,0,20131016215014),(913,41.3576162949,2.0679250831,1,1,1,8,0,20131016215014),(914,41.3574177423,2.0702362644,1,1,1,8,0,20131016215014),(915,41.3572964126,2.0705597376,1,1,1,8,0,20131016215014),(916,41.3570788871,2.0772340123,1,1,1,8,0,20131016215014),(917,41.3573028502,2.0793675808,1,1,1,8,0,20131016215014),(918,41.3575059503,2.085833444,1,1,1,8,0,20131016215014),(919,41.3566461192,2.0783690331,1,1,1,8,0,20131016215014),(920,41.3568388263,2.0819094898,1,1,1,8,0,20131016215014),(921,41.3563201062,2.077014614,1,1,1,8,0,20131016215014),(922,41.3561133121,2.077651237,1,1,1,8,0,20131016215014),(923,41.3555445899,2.0642188265,1,1,1,8,0,20131016215014),(924,41.3558189347,2.0683624819,1,1,1,8,0,20131016215014),(925,41.3553330046,2.0735666474,1,1,1,8,0,20131016215014),(926,41.3556827889,2.0775221871,1,1,1,8,0,20131016215014),(927,41.3552002505,2.0717250107,1,1,1,8,0,20131016215014),(928,41.3550834415,2.0796561869,1,1,1,8,0,20131016215014),(929,41.3543728316,2.0756916722,1,1,1,8,0,20131016215014),(930,41.3539441308,2.0748591962,1,1,1,8,0,20131016215014),(931,41.3532058257,2.0653565509,1,1,1,8,0,20131016215014),(932,41.3525608102,2.0662324269,1,1,1,8,0,20131016215014),(933,41.3539431343,2.088683896,1,1,1,8,0,20131016215014),(934,41.3530926767,2.0861217053,1,1,1,8,0,20131016215014),(935,41.3526327734,2.0886594667,1,1,1,8,0,20131016215014),(936,41.3515692807,2.0709435724,1,1,1,8,0,20131016215014),(937,41.3512684056,2.0864247674,1,1,1,8,0,20131016215014),(938,41.3507398223,2.0735004416,1,1,1,8,0,20131016215014),(939,41.3512604017,2.0895534002,1,1,1,8,0,20131016215014),(940,41.3505278181,2.0685783486,1,1,1,8,0,20131016215014),(941,41.3502738457,2.0700110125,1,1,1,8,0,20131016215014),(942,41.3502103658,2.0815731647,1,1,1,8,0,20131016215014),(943,41.3504808002,2.0871837985,1,1,1,8,0,20131016215014),(944,41.3500378734,2.0869386934,1,1,1,8,0,20131016215014),(945,41.349320729,2.0814839093,1,1,1,8,0,20131016215014),(946,41.3491083782,2.0674702425,1,1,1,8,0,20131016215014),(947,41.3486829005,2.0705070583,1,1,1,8,0,20131016215014),(948,41.3489758135,2.0728064696,1,1,1,8,0,20131016215014),(949,41.3475961327,2.0700946479,1,1,1,8,0,20131016215014),(950,41.3482911872,2.0672563098,1,1,1,8,0,20131016215014),(951,41.3488005376,2.0843555356,1,1,1,8,0,20131016215014),(952,41.3500810096,2.0873578811,1,1,1,8,0,20131016215014),(953,41.3664859417,2.078026066,1,1,1,8,0,20131016215014),(954,41.3666164741,2.0775303867,1,1,1,8,0,20131016215014),(955,41.3624161574,2.0740840584,1,1,1,8,0,20131016215014),(956,41.362273207,2.0734227371,1,1,1,8,0,20131016215014),(957,41.3561010923,2.0700683238,1,1,1,8,0,20131016215014),(958,41.3531981065,2.096661221,1,1,1,8,0,20131016215014),(959,41.3490905239,2.0720936818,1,1,1,8,0,20131016215014),(960,41.3587954327,2.0741657148,1,1,1,8,0,20131016215014),(961,41.3640087899,2.0732190496,1,1,1,8,0,20131016215014),(962,41.3635291692,2.0813031892,1,1,1,8,0,20131016215014),(963,41.3639241563,2.0736559205,1,1,1,8,0,20131016215014),(964,41.3643133016,2.0739136807,1,1,1,8,0,20131016215014),(965,41.3646167939,2.0738626796,1,1,1,8,0,20131016215014),(966,41.3603174461,2.0720135122,1,1,1,8,0,20131016215014),(967,41.3581361261,2.0709122052,1,1,1,8,0,20131016215014),(968,41.3579999414,2.0723633718,1,1,1,8,0,20131016215014),(969,41.3563199736,2.0720532843,1,1,1,8,0,20131016215014),(970,41.3551774414,2.0702430094,1,1,1,8,0,20131016215014),(971,41.3548152913,2.0706989835,1,1,1,8,0,20131016215014),(972,41.3531209257,2.0712085231,1,1,1,8,0,20131016215014),(973,41.3533747297,2.0724417977,1,1,1,8,0,20131016215014),(974,41.351415949,2.0747351406,1,1,1,8,0,20131016215014),(975,41.3607638704,2.0663345572,1,1,1,8,0,20131016215014),(976,41.3495433369,2.0836636118,1,1,1,8,0,20131016215014),(977,41.3511516136,2.0857992188,1,1,1,8,0,20131016215014),(978,41.3542014887,2.0908328408,1,1,1,8,0,20131016215014),(979,41.3546795676,2.0916983032,1,1,1,8,0,20131016215014),(980,41.3604223348,2.0849205037,1,1,1,8,0,20131016215014),(981,41.3623867715,2.08258754,1,1,1,8,0,20131016215014),(982,41.3630071793,2.0827965396,1,1,1,8,0,20131016215014),(983,41.3633312173,2.0822972479,1,1,1,8,0,20131016215014),(984,41.3656439369,2.0816511934,1,1,1,8,0,20131016215014),(985,41.3664329463,2.0818143974,1,1,1,8,0,20131016215014),(986,41.3646636434,2.0744073449,1,1,1,8,0,20131016215014),(987,41.3600176796,2.072581929,1,1,1,8,0,20131016215014),(988,41.3535030214,2.0777046438,1,1,1,8,0,20131016215014),(989,41.3492111968,2.0699499547,1,1,1,8,0,20131016215014),(990,41.3490672969,2.071021364,1,1,1,8,0,20131016215014),(991,41.3481993762,2.069742811,1,1,1,8,0,20131016215014),(992,41.3562894921,2.0714816377,1,1,1,8,0,20131016215014),(2587,41.266569,1.603323,1,1,1,8,0,20131017160159),(2588,41.266529,1.602209,1,1,1,8,0,20131017160159),(3979,41.3661009139,2.0789037278,1,1,1,8,0,20131017230520),(3980,41.3644665367,2.0708461297,1,1,1,8,0,20131017230520),(3981,41.3640959034,2.0803630444,1,1,1,8,0,20131017230520),(3982,41.3644679431,2.0711137392,1,1,1,8,0,20131017230520),(3983,41.3645985955,2.0757065845,1,1,1,8,0,20131017230520),(3984,41.3640687992,2.0723417895,1,1,1,8,0,20131017230520),(3985,41.3608437817,2.0720121406,1,1,1,8,0,20131017230520),(3986,41.3627536663,2.0832155685,1,1,1,8,0,20131017230520),(3987,41.3631313746,2.0839750489,1,1,1,8,0,20131017230520),(3988,41.3662151733,2.0796889446,1,1,1,8,0,20131017230520),(3989,41.363959413,2.0859210752,1,1,1,8,0,20131017230520),(3990,41.3621143615,2.0842857712,1,1,1,8,0,20131017230520),(3991,41.3609529246,2.0782793928,1,1,1,8,0,20131017230520),(3992,41.3599132458,2.0622296531,1,1,1,8,0,20131017230520),(3993,41.3589830736,2.0595898185,1,1,1,8,0,20131017230520),(3994,41.3591212065,2.080750911,1,1,1,8,0,20131017230520),(3995,41.3587271784,2.0776872252,1,1,1,8,0,20131017230520),(3996,41.3586182094,2.0815199309,1,1,1,8,0,20131017230520),(3997,41.3587995424,2.0866584139,1,1,1,8,0,20131017230520),(3998,41.357955027,2.0650466555,1,1,1,8,0,20131017230520),(3999,41.3583513958,2.0710495048,1,1,1,8,0,20131017230520),(4000,41.3579254159,2.0789309258,1,1,1,8,0,20131017230520),(4001,41.3576162949,2.0679250831,1,1,1,8,0,20131017230520),(4002,41.3574177423,2.0702362644,1,1,1,8,0,20131017230520),(4003,41.3572964126,2.0705597376,1,1,1,8,0,20131017230520),(4004,41.3570788871,2.0772340123,1,1,1,8,0,20131017230520),(4005,41.3573028502,2.0793675808,1,1,1,8,0,20131017230520),(4006,41.3575059503,2.085833444,1,1,1,8,0,20131017230520),(4007,41.3566461192,2.0783690331,1,1,1,8,0,20131017230520),(4008,41.3568388263,2.0819094898,1,1,1,8,0,20131017230520),(4009,41.3563201062,2.077014614,1,1,1,8,0,20131017230520),(4010,41.3561133121,2.077651237,1,1,1,8,0,20131017230520),(4011,41.3555445899,2.0642188265,1,1,1,8,0,20131017230520),(4012,41.3558189347,2.0683624819,1,1,1,8,0,20131017230520),(4013,41.3553330046,2.0735666474,1,1,1,8,0,20131017230520),(4014,41.3556827889,2.0775221871,1,1,1,8,0,20131017230520),(4015,41.3552002505,2.0717250107,1,1,1,8,0,20131017230520),(4016,41.3550834415,2.0796561869,1,1,1,8,0,20131017230520),(4017,41.3543728316,2.0756916722,1,1,1,8,0,20131017230520),(4018,41.3539441308,2.0748591962,1,1,1,8,0,20131017230520),(4019,41.3532058257,2.0653565509,1,1,1,8,0,20131017230520),(4020,41.3525608102,2.0662324269,1,1,1,8,0,20131017230520),(4021,41.3539431343,2.088683896,1,1,1,8,0,20131017230520),(4022,41.3530926767,2.0861217053,1,1,1,8,0,20131017230520),(4023,41.3526327734,2.0886594667,1,1,1,8,0,20131017230520),(4024,41.3515692807,2.0709435724,1,1,1,8,0,20131017230520),(4025,41.3512684056,2.0864247674,1,1,1,8,0,20131017230520),(4026,41.3507398223,2.0735004416,1,1,1,8,0,20131017230520),(4027,41.3512604017,2.0895534002,1,1,1,8,0,20131017230520),(4028,41.3505278181,2.0685783486,1,1,1,8,0,20131017230520),(4029,41.3502738457,2.0700110125,1,1,1,8,0,20131017230520),(4030,41.3502103658,2.0815731647,1,1,1,8,0,20131017230520),(4031,41.3504808002,2.0871837985,1,1,1,8,0,20131017230520),(4032,41.3500378734,2.0869386934,1,1,1,8,0,20131017230520),(4033,41.349320729,2.0814839093,1,1,1,8,0,20131017230520),(4034,41.3491083782,2.0674702425,1,1,1,8,0,20131017230520),(4035,41.3486829005,2.0705070583,1,1,1,8,0,20131017230520),(4036,41.3489758135,2.0728064696,1,1,1,8,0,20131017230520),(4037,41.3475961327,2.0700946479,1,1,1,8,0,20131017230520),(4038,41.3482911872,2.0672563098,1,1,1,8,0,20131017230520),(4039,41.3488005376,2.0843555356,1,1,1,8,0,20131017230520),(4040,41.3500810096,2.0873578811,1,1,1,8,0,20131017230520),(4041,41.3664859417,2.078026066,1,1,1,8,0,20131017230520),(4042,41.3666164741,2.0775303867,1,1,1,8,0,20131017230520),(4043,41.3624161574,2.0740840584,1,1,1,8,0,20131017230521),(4044,41.362273207,2.0734227371,1,1,1,8,0,20131017230521),(4045,41.3561010923,2.0700683238,1,1,1,8,0,20131017230521),(4046,41.3531981065,2.096661221,1,1,1,8,0,20131017230521),(4047,41.3490905239,2.0720936818,1,1,1,8,0,20131017230521),(4048,41.3587954327,2.0741657148,1,1,1,8,0,20131017230521),(4049,41.3640087899,2.0732190496,1,1,1,8,0,20131017230521),(4050,41.3635291692,2.0813031892,1,1,1,8,0,20131017230521),(4051,41.3639241563,2.0736559205,1,1,1,8,0,20131017230521),(4052,41.3643133016,2.0739136807,1,1,1,8,0,20131017230521),(4053,41.3646167939,2.0738626796,1,1,1,8,0,20131017230521),(4054,41.3603174461,2.0720135122,1,1,1,8,0,20131017230521),(4055,41.3581361261,2.0709122052,1,1,1,8,0,20131017230521),(4056,41.3579999414,2.0723633718,1,1,1,8,0,20131017230521),(4057,41.3563199736,2.0720532843,1,1,1,8,0,20131017230521),(4058,41.3551774414,2.0702430094,1,1,1,8,0,20131017230521),(4059,41.3548152913,2.0706989835,1,1,1,8,0,20131017230521),(4060,41.3531209257,2.0712085231,1,1,1,8,0,20131017230521),(4061,41.3533747297,2.0724417977,1,1,1,8,0,20131017230521),(4062,41.351415949,2.0747351406,1,1,1,8,0,20131017230521),(4063,41.3607638704,2.0663345572,1,1,1,8,0,20131017230521),(4064,41.3495433369,2.0836636118,1,1,1,8,0,20131017230521),(4065,41.3511516136,2.0857992188,1,1,1,8,0,20131017230521),(4066,41.3542014887,2.0908328408,1,1,1,8,0,20131017230521),(4067,41.3546795676,2.0916983032,1,1,1,8,0,20131017230521),(4068,41.3604223348,2.0849205037,1,1,1,8,0,20131017230521),(4069,41.3623867715,2.08258754,1,1,1,8,0,20131017230521),(4070,41.3630071793,2.0827965396,1,1,1,8,0,20131017230521),(4071,41.3633312173,2.0822972479,1,1,1,8,0,20131017230521),(4072,41.3656439369,2.0816511934,1,1,1,8,0,20131017230521),(4073,41.3664329463,2.0818143974,1,1,1,8,0,20131017230521),(4074,41.3646636434,2.0744073449,1,1,1,8,0,20131017230521),(4075,41.3600176796,2.072581929,1,1,1,8,0,20131017230521),(4076,41.3535030214,2.0777046438,1,1,1,8,0,20131017230521),(4077,41.3492111968,2.0699499547,1,1,1,8,0,20131017230521),(4078,41.3490672969,2.071021364,1,1,1,8,0,20131017230521),(4079,41.3481993762,2.069742811,1,1,1,8,0,20131017230521),(4080,41.3562894921,2.0714816377,1,1,1,8,0,20131017230521),(7715,41.3661009139,2.0789037278,1,1,1,6,0,20131023174513),(7716,41.3644665367,2.0708461297,1,1,1,6,0,20131023174513),(7717,41.3640959034,2.0803630444,1,1,1,6,0,20131023174513),(7718,41.3644679431,2.0711137392,1,1,1,6,0,20131023174513),(7719,41.3645985955,2.0757065845,1,1,1,6,0,20131023174513),(7720,41.3640687992,2.0723417895,1,1,1,6,0,20131023174513),(7721,41.3608437817,2.0720121406,1,1,1,6,0,20131023174513),(7722,41.3627536663,2.0832155685,1,1,1,6,0,20131023174513),(7723,41.3631313746,2.0839750489,1,1,1,6,0,20131023174513),(7724,41.3662151733,2.0796889446,1,1,1,6,0,20131023174513),(7725,41.363959413,2.0859210752,1,1,1,6,0,20131023174513),(7726,41.3621143615,2.0842857712,1,1,1,6,0,20131023174513),(7727,41.3609529246,2.0782793928,1,1,1,6,0,20131023174513),(7728,41.3599132458,2.0622296531,1,1,1,6,0,20131023174513),(7729,41.3589830736,2.0595898185,1,1,1,6,0,20131023174513),(7730,41.3591212065,2.080750911,1,1,1,6,0,20131023174513),(7731,41.3587271784,2.0776872252,1,1,1,6,0,20131023174513),(7732,41.3586182094,2.0815199309,1,1,1,6,0,20131023174513),(7733,41.3587995424,2.0866584139,1,1,1,6,0,20131023174513),(7734,41.357955027,2.0650466555,1,1,1,6,0,20131023174513),(7735,41.3583513958,2.0710495048,1,1,1,6,0,20131023174513),(7736,41.3579254159,2.0789309258,1,1,1,6,0,20131023174513),(7737,41.3576162949,2.0679250831,1,1,1,6,0,20131023174513),(7738,41.3574177423,2.0702362644,1,1,1,6,0,20131023174513),(7739,41.3572964126,2.0705597376,1,1,1,6,0,20131023174513),(7740,41.3570788871,2.0772340123,1,1,1,6,0,20131023174513),(7741,41.3573028502,2.0793675808,1,1,1,6,0,20131023174513),(7742,41.3575059503,2.085833444,1,1,1,6,0,20131023174513),(7743,41.3566461192,2.0783690331,1,1,1,6,0,20131023174513),(7744,41.3568388263,2.0819094898,1,1,1,6,0,20131023174513),(7745,41.3563201062,2.077014614,1,1,1,6,0,20131023174513),(7746,41.3561133121,2.077651237,1,1,1,6,0,20131023174513),(7747,41.3555445899,2.0642188265,1,1,1,6,0,20131023174513),(7748,41.3558189347,2.0683624819,1,1,1,6,0,20131023174513),(7749,41.3553330046,2.0735666474,1,1,1,6,0,20131023174513),(7750,41.3556827889,2.0775221871,1,1,1,6,0,20131023174513),(7751,41.3552002505,2.0717250107,1,1,1,6,0,20131023174513),(7752,41.3550834415,2.0796561869,1,1,1,6,0,20131023174513),(7753,41.3543728316,2.0756916722,1,1,1,6,0,20131023174513),(7754,41.3539441308,2.0748591962,1,1,1,6,0,20131023174513),(7755,41.3532058257,2.0653565509,1,1,1,6,0,20131023174513),(7756,41.3525608102,2.0662324269,1,1,1,6,0,20131023174513),(7757,41.3539431343,2.088683896,1,1,1,6,0,20131023174513),(7758,41.3530926767,2.0861217053,1,1,1,6,0,20131023174513),(7759,41.3526327734,2.0886594667,1,1,1,6,0,20131023174513),(7760,41.3515692807,2.0709435724,1,1,1,6,0,20131023174513),(7761,41.3512684056,2.0864247674,1,1,1,6,0,20131023174513),(7762,41.3507398223,2.0735004416,1,1,1,6,0,20131023174513),(7763,41.3512604017,2.0895534002,1,1,1,6,0,20131023174513),(7764,41.3505278181,2.0685783486,1,1,1,6,0,20131023174513),(7765,41.3502738457,2.0700110125,1,1,1,6,0,20131023174513),(7766,41.3502103658,2.0815731647,1,1,1,6,0,20131023174513),(7767,41.3504808002,2.0871837985,1,1,1,6,0,20131023174513),(7768,41.3500378734,2.0869386934,1,1,1,6,0,20131023174513),(7769,41.349320729,2.0814839093,1,1,1,6,0,20131023174513),(7770,41.3491083782,2.0674702425,1,1,1,6,0,20131023174513),(7771,41.3486829005,2.0705070583,1,1,1,6,0,20131023174513),(7772,41.3489758135,2.0728064696,1,1,1,6,0,20131023174513),(7773,41.3475961327,2.0700946479,1,1,1,6,0,20131023174513),(7774,41.3482911872,2.0672563098,1,1,1,6,0,20131023174513),(7775,41.3488005376,2.0843555356,1,1,1,6,0,20131023174513),(7776,41.3500810096,2.0873578811,1,1,1,6,0,20131023174513),(7777,41.3664859417,2.078026066,1,1,1,6,0,20131023174513),(7778,41.3666164741,2.0775303867,1,1,1,6,0,20131023174513),(7779,41.3624161574,2.0740840584,1,1,1,6,0,20131023174513),(7780,41.362273207,2.0734227371,1,1,1,6,0,20131023174513),(7781,41.3561010923,2.0700683238,1,1,1,6,0,20131023174513),(7782,41.3531981065,2.096661221,1,1,1,6,0,20131023174513),(7783,41.3490905239,2.0720936818,1,1,1,6,0,20131023174513),(7784,41.3587954327,2.0741657148,1,1,1,6,0,20131023174513),(7785,41.3640087899,2.0732190496,1,1,1,6,0,20131023174513),(7786,41.3635291692,2.0813031892,1,1,1,6,0,20131023174513),(7787,41.3639241563,2.0736559205,1,1,1,6,0,20131023174513),(7788,41.3643133016,2.0739136807,1,1,1,6,0,20131023174513),(7789,41.3646167939,2.0738626796,1,1,1,6,0,20131023174513),(7790,41.3603174461,2.0720135122,1,1,1,6,0,20131023174513),(7791,41.3581361261,2.0709122052,1,1,1,6,0,20131023174513),(7792,41.3579999414,2.0723633718,1,1,1,6,0,20131023174513),(7793,41.3563199736,2.0720532843,1,1,1,6,0,20131023174513),(7794,41.3551774414,2.0702430094,1,1,1,6,0,20131023174513),(7795,41.3548152913,2.0706989835,1,1,1,6,0,20131023174513),(7796,41.3531209257,2.0712085231,1,1,1,6,0,20131023174513),(7797,41.3533747297,2.0724417977,1,1,1,6,0,20131023174513),(7798,41.351415949,2.0747351406,1,1,1,6,0,20131023174513),(7799,41.3607638704,2.0663345572,1,1,1,6,0,20131023174513),(7800,41.3495433369,2.0836636118,1,1,1,6,0,20131023174513),(7801,41.3511516136,2.0857992188,1,1,1,6,0,20131023174513),(7802,41.3542014887,2.0908328408,1,1,1,6,0,20131023174513),(7803,41.3546795676,2.0916983032,1,1,1,6,0,20131023174513),(7804,41.3604223348,2.0849205037,1,1,1,6,0,20131023174513),(7805,41.3623867715,2.08258754,1,1,1,6,0,20131023174513),(7806,41.3630071793,2.0827965396,1,1,1,6,0,20131023174513),(7807,41.3633312173,2.0822972479,1,1,1,6,0,20131023174513),(7808,41.3656439369,2.0816511934,1,1,1,6,0,20131023174513),(7809,41.3664329463,2.0818143974,1,1,1,6,0,20131023174513),(7810,41.3646636434,2.0744073449,1,1,1,6,0,20131023174513),(7811,41.3600176796,2.072581929,1,1,1,6,0,20131023174513),(7812,41.3535030214,2.0777046438,1,1,1,6,0,20131023174513),(7813,41.3492111968,2.0699499547,1,1,1,6,0,20131023174513),(7814,41.3490672969,2.071021364,1,1,1,6,0,20131023174513),(7815,41.3481993762,2.069742811,1,1,1,6,0,20131023174513),(7816,41.3562894921,2.0714816377,1,1,1,6,0,20131023174513),(7817,41.3598912818,2.0712397711,4,4,4,6,0,20131023174556),(7818,41.3598520859,2.0713234846,4,4,4,6,0,20131023174556),(7819,41.3598912818,2.0712397711,4,4,4,6,0,20131023174556),(7820,41.3597877948,2.0714737018,4,4,4,6,0,20131023174556),(7821,41.3598251514,2.0713950704,4,4,4,6,0,20131023174556),(7822,41.3591546277,2.0710026386,4,4,4,6,0,20131023174556),(7823,41.3591818696,2.0709070263,4,4,4,6,0,20131023174556),(7824,41.3591888077,2.0708669332,4,4,4,6,0,20131023174556),(7825,41.3592336871,2.0707145093,4,4,4,6,0,20131023174556),(7826,41.3590295994,2.0715676087,4,4,4,6,0,20131023174556),(7827,41.3591223018,2.0717628465,4,4,4,6,0,20131023174556),(7828,41.3590937257,2.0719276749,4,4,4,6,0,20131023174556),(7829,41.3589735421,2.0720333237,4,4,4,6,0,20131023174556),(7830,41.3593104868,2.0724991415,4,4,4,6,0,20131023174556),(7831,41.3592927983,2.0726014482,4,4,4,6,0,20131023174556),(7832,41.3592419075,2.0726475271,4,4,4,6,0,20131023174556),(7833,41.3590943984,2.0727195431,4,4,4,6,0,20131023174556),(7834,41.3590757223,2.0726990184,4,4,4,6,0,20131023174556),(7835,41.3590974543,2.072568306,4,4,4,6,0,20131023174556),(7836,41.3591640526,2.0732363963,4,4,4,6,0,20131023174556),(7837,41.3591349582,2.073336974,4,4,4,6,0,20131023174556),(7838,41.3591137536,2.0733561733,4,4,4,6,0,20131023174556),(7839,41.3590092724,2.0732896145,4,4,4,6,0,20131023174556),(7840,41.3587918853,2.073880454,4,4,4,6,0,20131023174556),(7841,41.3588378681,2.0737550693,4,4,4,6,0,20131023174556),(7842,41.3588062768,2.0740768016,4,4,4,6,0,20131023174556),(7843,41.3587723,2.0740055504,4,4,4,6,0,20131023174556),(7844,41.3589385048,2.0740522531,4,4,4,6,0,20131023174556),(7845,41.358835283,2.0741425386,4,4,4,6,0,20131023174556),(7846,41.3591556635,2.074497095,4,4,4,6,0,20131023174556),(7847,41.3590495787,2.0745855306,4,4,4,6,0,20131023174556),(7848,41.3592375306,2.0745847646,4,4,4,6,0,20131023174556),(7849,41.3592019446,2.0745103612,4,4,4,6,0,20131023174556),(7850,41.3592293216,2.074626459,4,4,4,6,0,20131023174556),(7851,41.3591230959,2.0747169174,4,4,4,6,0,20131023174556),(7852,41.3590807077,2.0747054132,4,4,4,6,0,20131023174556),(7853,41.3590454019,2.0746335508,4,4,4,6,0,20131023174556),(7854,41.3594306314,2.0753414935,4,4,4,6,0,20131023174556),(7855,41.3594687746,2.0754274511,4,4,4,6,0,20131023174557),(7856,41.3595040235,2.0754335648,4,4,4,6,0,20131023174557),(7857,41.3595983928,2.0753581858,4,4,4,6,0,20131023174557),(7858,41.3595759044,2.0758957738,4,4,4,6,0,20131023174557),(7859,41.3597031714,2.075895876,4,4,4,6,0,20131023174557),(7860,41.3597143969,2.0758691463,4,4,4,6,0,20131023174557),(7861,41.3597250142,2.0757665074,4,4,4,6,0,20131023174557),(7862,41.3596976783,2.0762812365,4,4,4,6,0,20131023174557),(7863,41.3596771279,2.0763935051,4,4,4,6,0,20131023174557),(7864,41.3596563648,2.0764792055,4,4,4,6,0,20131023174557),(7865,41.3595387873,2.0764391088,4,4,4,6,0,20131023174557),(7866,41.3595989262,2.0768064616,4,4,4,6,0,20131023174557),(7867,41.3595697814,2.0769169531,4,4,4,6,0,20131023174557),(7868,41.3593708399,2.07707349,4,4,4,6,0,20131023174557),(7869,41.3594174529,2.0772398516,4,4,4,6,0,20131023174557),(7870,41.3595875381,2.0771596227,4,4,4,6,0,20131023174557),(7871,41.3595076107,2.0772915482,4,4,4,6,0,20131023174557),(7872,41.3595412036,2.0769460004,4,4,4,6,0,20131023174557),(7873,41.3594298445,2.076906595,4,4,4,6,0,20131023174557),(7874,41.3600175731,2.0776307923,4,4,4,6,0,20131023174557),(7875,41.3599389138,2.0777607091,4,4,4,6,0,20131023174557),(7876,41.360130309,2.0776447673,4,4,4,6,0,20131023174557),(7877,41.3601928345,2.0776552745,4,4,4,6,0,20131023174557),(7878,41.3602247542,2.0777724986,4,4,4,6,0,20131023174557),(7879,41.3602031025,2.0778664362,4,4,4,6,0,20131023174557),(7880,41.3601414367,2.0779634677,4,4,4,6,0,20131023174557),(7881,41.3600356116,2.077962427,4,4,4,6,0,20131023174557),(7882,41.3602287164,2.0770164214,4,4,4,6,0,20131023174557),(7883,41.3601771931,2.077010821,4,4,4,6,0,20131023174557),(7885,41.3602530567,2.0771394459,4,4,4,6,0,20131023174557),(7886,41.3602217935,2.0771639273,4,4,4,6,0,20131023174557),(7887,41.3601726634,2.0771595584,4,4,4,6,0,20131023174557),(7888,41.3601570731,2.0771173903,4,4,4,6,0,20131023174557),(7889,41.3601631634,2.0770445493,4,4,4,6,0,20131023174557),(7890,41.3603321897,2.0760920576,4,4,4,6,0,20131023174557),(7891,41.3602943826,2.076615342,4,4,4,6,0,20131023174557),(7892,41.3603014004,2.0765393245,4,4,4,6,0,20131023174557),(7893,41.3602119137,2.0766374988,4,4,4,6,0,20131023174557),(7894,41.3602537956,2.0766538824,4,4,4,6,0,20131023174557),(7895,41.3602248933,2.0764857884,4,4,4,6,0,20131023174557),(7896,41.3602646952,2.0764894357,4,4,4,6,0,20131023174557),(7897,41.3603351448,2.0760320276,4,4,4,6,0,20131023174557),(7898,41.3603084449,2.0759653999,4,4,4,6,0,20131023174557),(7899,41.3602647693,2.0759572459,4,4,4,6,0,20131023174557),(7900,41.3602514402,2.0759760268,4,4,4,6,0,20131023174557),(7901,41.3602412315,2.0760544011,4,4,4,6,0,20131023174557),(7902,41.3602541722,2.076119118,4,4,4,6,0,20131023174557),(7903,41.3602928406,2.0761290968,4,4,4,6,0,20131023174557),(7904,41.3604303983,2.0751196023,4,4,4,6,0,20131023174557),(7905,41.3604190178,2.0752089645,4,4,4,6,0,20131023174557),(7906,41.3603831455,2.0752276682,4,4,4,6,0,20131023174557),(7907,41.3603922583,2.0750901693,4,4,4,6,0,20131023174557),(7908,41.3603343793,2.0750799258,4,4,4,6,0,20131023174557),(7909,41.3603249834,2.0752156445,4,4,4,6,0,20131023174557),(7910,41.3603231374,2.0749464767,4,4,4,6,0,20131023174557),(7911,41.3603298114,2.07487332,4,4,4,6,0,20131023174557),(7912,41.3605000267,2.0740647921,4,4,4,6,0,20131023174557),(7913,41.3604949071,2.0741692528,4,4,4,6,0,20131023174557),(7914,41.3603871551,2.0741497454,4,4,4,6,0,20131023174557),(7915,41.3604630249,2.0741982227,4,4,4,6,0,20131023174557),(7916,41.3604057207,2.0741881825,4,4,4,6,0,20131023174557),(7917,41.3604797098,2.0740363166,4,4,4,6,0,20131023174557),(7918,41.3604153709,2.0740325245,4,4,4,6,0,20131023174557),(7919,41.3603983582,2.074055979,4,4,4,6,0,20131023174557),(7920,41.3604281924,2.0736014779,4,4,4,6,0,20131023174557),(7921,41.3604341385,2.0735002882,4,4,4,6,0,20131023174557),(7922,41.3605780828,2.0728293791,4,4,4,6,0,20131023174557),(7923,41.360576281,2.0729249029,4,4,4,6,0,20131023174557),(7924,41.3605484945,2.0729525814,4,4,4,6,0,20131023174557),(7925,41.3605001115,2.0729433755,4,4,4,6,0,20131023174557),(7926,41.3604770957,2.0728932237,4,4,4,6,0,20131023174557),(7927,41.3604835819,2.0727730771,4,4,4,6,0,20131023174557),(7928,41.3606281688,2.072309835,4,4,4,6,0,20131023174557),(7929,41.3605424169,2.0722265901,4,4,4,6,0,20131023174557),(7930,41.3605937107,2.0718481669,4,4,4,6,0,20131023174557),(7931,41.3604726725,2.0720890265,4,4,4,6,0,20131023174557),(7932,41.3605192715,2.0719856364,4,4,4,6,0,20131023174557),(7933,41.3605495143,2.0719321838,4,4,4,6,0,20131023174557),(7934,41.3577863173,2.0709616309,4,4,4,6,0,20131023174557),(7935,41.3577965427,2.0708814046,4,4,4,6,0,20131023174557),(7936,41.3577168813,2.0709792093,4,4,4,6,0,20131023174557),(7937,41.3576573712,2.0709468668,4,4,4,6,0,20131023174557),(7938,41.3581925045,2.0726311623,4,4,4,6,0,20131023174557),(7939,41.3582462543,2.0725819655,4,4,4,6,0,20131023174557),(7940,41.3582546065,2.0725149616,4,4,4,6,0,20131023174557),(7941,41.3581739308,2.0723340775,4,4,4,6,0,20131023174557),(7942,41.3581002082,2.0722763306,4,4,4,6,0,20131023174557),(7943,41.3580392918,2.0723280705,4,4,4,6,0,20131023174557),(7944,41.3580496246,2.0724477675,4,4,4,6,0,20131023174557),(7945,41.358120949,2.072631045,4,4,4,6,0,20131023174557),(7946,41.3585531425,2.0731102878,4,4,4,6,0,20131023174557),(7947,41.3585414799,2.0731770147,4,4,4,6,0,20131023174557),(7948,41.3584899284,2.0732275157,4,4,4,6,0,20131023174557),(7949,41.3584536534,2.0732112386,4,4,4,6,0,20131023174557),(7950,41.3584675869,2.0730335434,4,4,4,6,0,20131023174557),(7951,41.3585133535,2.0730502857,4,4,4,6,0,20131023174557),(7952,41.3584082555,2.0731279294,4,4,4,6,0,20131023174557),(7953,41.3584146127,2.0730756695,4,4,4,6,0,20131023174557),(7954,41.3569096272,2.073189263,4,4,4,6,0,20131023174557),(7955,41.3567783397,2.0726998076,4,4,4,6,0,20131023174557),(7956,41.3566308575,2.0729791745,4,4,4,6,0,20131023174557),(7957,41.35701429,2.072878662,4,4,4,6,0,20131023174557),(7958,41.3570458483,2.0737830649,4,4,4,6,0,20131023174557),(7959,41.35689536,2.0736787508,4,4,4,6,0,20131023174557),(7960,41.3568112608,2.0740683991,4,4,4,6,0,20131023174557),(7961,41.3569270178,2.0741205324,4,4,4,6,0,20131023174557),(7962,41.3569318247,2.074277765,4,4,4,6,0,20131023174557),(7963,41.3569013611,2.0745906853,4,4,4,6,0,20131023174557),(7964,41.3571434779,2.0742183653,4,4,4,6,0,20131023174557),(7965,41.3571699973,2.0743065878,4,4,4,6,0,20131023174557),(7966,41.3573137054,2.074302194,4,4,4,6,0,20131023174557),(7967,41.3572724436,2.0743491435,4,4,4,6,0,20131023174557),(7968,41.3573163031,2.0741822553,4,4,4,6,0,20131023174557),(7969,41.3572627681,2.0741103622,4,4,4,6,0,20131023174557),(7970,41.3576643499,2.0749831618,4,4,4,6,0,20131023174557),(7971,41.3576411346,2.0749136607,4,4,4,6,0,20131023174557),(7972,41.3576030216,2.0749019662,4,4,4,6,0,20131023174557),(7973,41.3575568409,2.0749377878,4,4,4,6,0,20131023174557),(7974,41.3576566375,2.075027105,4,4,4,6,0,20131023174557),(7975,41.3576120459,2.0750695302,4,4,4,6,0,20131023174557),(7976,41.3579627832,2.0756409159,4,4,4,6,0,20131023174557),(7977,41.3579084913,2.0756991429,4,4,4,6,0,20131023174557),(7978,41.3578679386,2.075635441,4,4,4,6,0,20131023174557),(7979,41.3579566636,2.0756673479,4,4,4,6,0,20131023174557),(7980,41.357873272,2.0755963015,4,4,4,6,0,20131023174557),(7981,41.3579091341,2.0755658158,4,4,4,6,0,20131023174557),(7982,41.3579422658,2.0755789752,4,4,4,6,0,20131023174557),(7983,41.3582216658,2.0761570974,4,4,4,6,0,20131023174557),(7984,41.3582430487,2.0762224218,4,4,4,6,0,20131023174557),(7985,41.3582320733,2.0762507753,4,4,4,6,0,20131023174557),(7986,41.358189898,2.0762903356,4,4,4,6,0,20131023174557),(7987,41.3581646564,2.0762737724,4,4,4,6,0,20131023174557),(7988,41.3581390125,2.07620697,4,4,4,6,0,20131023174557),(7989,41.3581410836,2.0761761786,4,4,4,6,0,20131023174557),(7990,41.3581860612,2.0761488836,4,4,4,6,0,20131023174557),(7991,41.3588797967,2.0774441409,4,4,4,6,0,20131023174557),(7992,41.3589015896,2.0775184556,4,4,4,6,0,20131023174557),(7993,41.3588853755,2.0776039075,4,4,4,6,0,20131023174557),(7994,41.3588429693,2.0776412039,4,4,4,6,0,20131023174557),(7995,41.3587238246,2.0776485906,4,4,4,6,0,20131023174557),(7996,41.3587015419,2.077551448,4,4,4,6,0,20131023174557),(7997,41.3587286649,2.0774470853,4,4,4,6,0,20131023174557),(7998,41.358776924,2.0774117453,4,4,4,6,0,20131023174557),(7999,41.3571802481,2.0769183371,4,4,4,6,0,20131023174557),(8000,41.3571622071,2.0768530654,4,4,4,6,0,20131023174557),(8001,41.3570956643,2.0768300475,4,4,4,6,0,20131023174557),(8002,41.3570207347,2.0768867654,4,4,4,6,0,20131023174557),(8003,41.3569852767,2.0769668826,4,4,4,6,0,20131023174557),(8004,41.357024798,2.077062853,4,4,4,6,0,20131023174557),(8005,41.3570992184,2.0770751914,4,4,4,6,0,20131023174557),(8006,41.3571646611,2.0770270623,4,4,4,6,0,20131023174557),(8007,41.3569625604,2.0763838115,4,4,4,6,0,20131023174557),(8008,41.3569890439,2.0764426227,4,4,4,6,0,20131023174557),(8009,41.3566917506,2.07571264670003,4,6,4,6,0,20131025201146),(8010,41.3568111374,2.0757053253,4,4,4,6,0,20131023174557),(8011,41.3568603786,2.0756228994,4,4,4,6,0,20131023174557),(8012,41.3568491754,2.0755497814,4,4,4,6,0,20131023174557),(8013,41.3581049173,2.0745439651,4,4,4,6,0,20131023174557),(8014,41.3581303954,2.0746005421,4,4,4,6,0,20131023174557),(8015,41.3581187913,2.0746394548,4,4,4,6,0,20131023174557),(8016,41.3580702476,2.0746784941,4,4,4,6,0,20131023174557),(8017,41.3583698948,2.075186907,4,4,4,6,0,20131023174557),(8018,41.3583277241,2.0752254471,4,4,4,6,0,20131023174557),(8019,41.3584159398,2.0751884006,4,4,4,6,0,20131023174557),(8020,41.358440428,2.0752611573,4,4,4,6,0,20131023174557),(8021,41.3593732213,2.0744804021,4,4,4,6,0,20131023174557),(8022,41.3594375565,2.0744393903,4,4,4,6,0,20131023174557),(8023,41.3594347598,2.0744075727,4,4,4,6,0,20131023174557),(8024,41.3594077654,2.0743513609,4,4,4,6,0,20131023174557),(8025,41.3601201831,2.0738690153,4,4,4,6,0,20131023174557),(8026,41.3600633,2.0739242125,4,4,4,6,0,20131023174557),(8027,41.360119376,2.0738376001,4,4,4,6,0,20131023174557),(8028,41.3600638265,2.0738054878,4,4,4,6,0,20131023174557),(8029,41.3600162887,2.0738213437,4,4,4,6,0,20131023174557),(8030,41.359941423,2.0738768105,4,4,4,6,0,20131023174557),(8031,41.3600256598,2.0739199049,4,4,4,6,0,20131023174557),(8032,41.3599406306,2.0738527929,4,4,4,6,0,20131023174557),(8033,41.3577098267,2.0680846102,4,4,4,6,0,20131023174557),(8034,41.3576299847,2.0679427267,4,4,4,6,0,20131023174557),(8035,41.3571385148,2.0689850446,4,4,4,6,0,20131023174557),(8036,41.356953605,2.0692088398,4,4,4,6,0,20131023174557),(8037,41.356834558,2.0676615067,4,4,4,6,0,20131023174557),(8038,41.3565973819,2.0678327557,4,4,4,6,0,20131023174557),(8039,41.3570845484,2.0658370218,4,4,4,6,0,20131023174557),(8040,41.3569802767,2.065635797,4,4,4,6,0,20131023174557),(8041,41.3564211846,2.066142884,4,4,4,6,0,20131023174557),(8042,41.3565229276,2.0663458637,4,4,4,6,0,20131023174557),(8043,41.357749138,2.0648746221,4,4,4,6,0,20131023174557),(8044,41.3578505812,2.0650276654,4,4,4,6,0,20131023174557),(8045,41.3578513468,2.0650756519,4,4,4,6,0,20131023174557),(8046,41.3577550158,2.0651815217,4,4,4,6,0,20131023174557),(8047,41.3561594821,2.066135759,4,4,4,6,0,20131023174557),(8048,41.3560153761,2.066237158,4,4,4,6,0,20131023174557),(8049,41.355513199,2.0645137913,4,4,4,6,0,20131023174557),(8050,41.3553731784,2.0646146579,4,4,4,6,0,20131023174557),(8051,41.3559892733,2.0665280218,4,4,4,6,0,20131023174557),(8052,41.3559701157,2.0664717919,4,4,4,6,0,20131023174557),(8053,41.355838203,2.0658280476,4,4,4,6,0,20131023174557),(8054,41.3558103179,2.0657591225,4,4,4,6,0,20131023174557),(8055,41.3555132341,2.0651057383,4,4,4,6,0,20131023174557),(8056,41.355483193,2.0650454369,4,4,4,6,0,20131023174557),(8057,41.3551859269,2.0643601424,4,4,4,6,0,20131023174557),(8058,41.3551596983,2.0642997872,4,4,4,6,0,20131023174557),(8059,41.354976427,2.0636067356,4,4,4,6,0,20131023174557),(8060,41.3551097056,2.0635059099,4,4,4,6,0,20131023174557),(8061,41.3545060341,2.0636473558,4,4,4,6,0,20131023174557),(8062,41.3545635695,2.0637144963,4,4,4,6,0,20131023174557),(8063,41.3542384487,2.0642472398,4,4,4,6,0,20131023174557),(8064,41.3542027682,2.0642713295,4,4,4,6,0,20131023174557),(8065,41.3541221713,2.0642339371,4,4,4,6,0,20131023174557),(8066,41.354076847,2.0641642987,4,4,4,6,0,20131023174557),(8067,41.3534643001,2.0649343938,4,4,4,6,0,20131023174557),(8068,41.3534283012,2.0648601553,4,4,4,6,0,20131023174557),(8069,41.3529576181,2.0655552076,4,4,4,6,0,20131023174557),(8070,41.3529057541,2.0654945445,4,4,4,6,0,20131023174557),(8071,41.3529493913,2.0656031772,4,4,4,6,0,20131023174557),(8072,41.3529102682,2.0656579395,4,4,4,6,0,20131023174557),(8073,41.3531257244,2.0658907097,4,4,4,6,0,20131023174557),(8074,41.3531026634,2.0658682656,4,4,4,6,0,20131023174557),(8075,41.3531679435,2.0659677425,4,4,4,6,0,20131023174557),(8076,41.3530659489,2.0659064201,4,4,4,6,0,20131023174557),(8077,41.3534591351,2.0666066691,4,4,4,6,0,20131023174557),(8078,41.3534971966,2.0665571123,4,4,4,6,0,20131023174557),(8079,41.3535412492,2.0665730487,4,4,4,6,0,20131023174557),(8080,41.3535689816,2.0666484666,4,4,4,6,0,20131023174557),(8081,41.3535204174,2.0666978957,4,4,4,6,0,20131023174557),(8082,41.3536450105,2.0669534213,4,4,4,6,0,20131023174557),(8083,41.3536196913,2.0669054849,4,4,4,6,0,20131023174557),(8084,41.3538876643,2.0673659132,4,4,4,6,0,20131023174557),(8085,41.3539131458,2.0674224836,4,4,4,6,0,20131023174557),(8086,41.3539808714,2.0673495755,4,4,4,6,0,20131023174557),(8087,41.3539608646,2.0673011091,4,4,4,6,0,20131023174557),(8088,41.3539710954,2.0674022515,4,4,4,6,0,20131023174557),(8089,41.3539364744,2.0674312112,4,4,4,6,0,20131023174557),(8090,41.353899018,2.0673305299,4,4,4,6,0,20131023174557),(8091,41.3539324699,2.0673043544,4,4,4,6,0,20131023174557),(8092,41.3543522688,2.0679650799,4,4,4,6,0,20131023174557),(8093,41.3543453917,2.06799989,4,4,4,6,0,20131023174557),(8094,41.3543011497,2.0680443665,4,4,4,6,0,20131023174557),(8095,41.3542253622,2.0679668859,4,4,4,6,0,20131023174557),(8096,41.3543021979,2.0679014836,4,4,4,6,0,20131023174557),(8097,41.3545657958,2.0685378213,4,4,4,6,0,20131023174557),(8098,41.3545405978,2.0684424992,4,4,4,6,0,20131023174557),(8099,41.3554144838,2.0668568326,4,4,4,6,0,20131023174557),(8100,41.3553606654,2.0668969501,4,4,4,6,0,20131023174557),(8101,41.3553577682,2.0669371976,4,4,4,6,0,20131023174557),(8102,41.3553815368,2.0670070058,4,4,4,6,0,20131023174557),(8103,41.3553368311,2.0670581143,4,4,4,6,0,20131023174557),(8104,41.3552606147,2.0671182259,4,4,4,6,0,20131023174557),(8105,41.3532642501,2.0692415677,4,4,4,6,0,20131023174557),(8106,41.3533032233,2.0691887251,4,4,4,6,0,20131023174557),(8107,41.3533637942,2.0690744905,4,4,4,6,0,20131023174557),(8108,41.353339988,2.0689990834,4,4,4,6,0,20131023174557),(8109,41.3533094648,2.0690039154,4,4,4,6,0,20131023174557),(8110,41.3532614529,2.0690774111,4,4,4,6,0,20131023174557),(8111,41.3539429367,2.0684274309,4,4,4,6,0,20131023174557),(8112,41.3540059878,2.0683553675,4,4,4,6,0,20131023174557),(8113,41.3527184556,2.0701130499,4,4,4,6,0,20131023174557),(8114,41.3526702698,2.070075605,4,4,4,6,0,20131023174557),(8115,41.3525385326,2.0706586116,4,4,4,6,0,20131023174557),(8116,41.3525946104,2.0706662197,4,4,4,6,0,20131023174557),(8117,41.3526153526,2.0707014799,4,4,4,6,0,20131023174557),(8118,41.352612336,2.0708107718,4,4,4,6,0,20131023174557),(8119,41.352582714,2.0709430667,4,4,4,6,0,20131023174557),(8120,41.3525359369,2.0709411444,4,4,4,6,0,20131023174557),(8121,41.352521516,2.0709045017,4,4,4,6,0,20131023174557),(8122,41.3525227198,2.0708120431,4,4,4,6,0,20131023174557),(8123,41.3531444644,2.0710537028,4,4,4,6,0,20131023174557),(8124,41.3530811156,2.0711447517,4,4,4,6,0,20131023174557),(8125,41.3534133664,2.0717187981,4,4,4,6,0,20131023174557),(8126,41.3533851369,2.0717647444,4,4,4,6,0,20131023174557),(8127,41.3534758316,2.0715382822,4,4,4,6,0,20131023174557),(8128,41.3535667764,2.0715913715,4,4,4,6,0,20131023174557),(8129,41.3535219794,2.0715397305,4,4,4,6,0,20131023174557),(8130,41.3534844847,2.0717604899,4,4,4,6,0,20131023174557),(8131,41.3533881823,2.0718766691,4,4,4,6,0,20131023174557),(8132,41.3534185159,2.0716163317,4,4,4,6,0,20131023174557),(8133,41.3545454017,2.0706675542,4,4,4,6,0,20131023174557),(8134,41.3546065116,2.0706273371,4,4,4,6,0,20131023174557),(8135,41.3545566608,2.070828572,4,4,4,6,0,20131023174557),(8136,41.3544815604,2.0708693022,4,4,4,6,0,20131023174557),(8137,41.3544409487,2.0708629527,4,4,4,6,0,20131023174557),(8138,41.3544156823,2.0707887037,4,4,4,6,0,20131023174557),(8139,41.3560685295,2.0704551095,4,4,4,6,0,20131023174557),(8140,41.3561595469,2.0705226257,4,4,4,6,0,20131023174557),(8141,41.356551428,2.069263797,4,4,4,6,0,20131023174557),(8142,41.3567132383,2.0694182916,4,4,4,6,0,20131023174557),(8143,41.3571826859,2.0707034263,4,4,4,6,0,20131023174557),(8144,41.357172073,2.0708060619,4,4,4,6,0,20131023174557),(8145,41.3571569191,2.0706999962,4,4,4,6,0,20131023174557),(8146,41.357072592,2.0707049885,4,4,4,6,0,20131023174557),(8147,41.3556504297,2.0677450967,4,4,4,6,0,20131023174557),(8148,41.3556717316,2.0678242635,4,4,4,6,0,20131023174557),(8149,41.355454483,2.0678659714,4,4,4,6,0,20131023174557),(8150,41.3554858587,2.0679393981,4,4,4,6,0,20131023174557),(8151,41.3555057511,2.067791928,4,4,4,6,0,20131023174557),(8152,41.3555441668,2.0679016316,4,4,4,6,0,20131023174557),(8153,41.3556088354,2.0678682517,4,4,4,6,0,20131023174557),(8154,41.3555544249,2.0677621335,4,4,4,6,0,20131023174557),(8155,41.3557393161,2.0682540969,4,4,4,6,0,20131023174557),(8156,41.3556818353,2.0682928712,4,4,4,6,0,20131023174557),(8157,41.3557704673,2.0682750043,4,4,4,6,0,20131023174557),(8158,41.3557894845,2.0683427393,4,4,4,6,0,20131023174557),(8159,41.3558477723,2.0685514624,4,4,4,6,0,20131023174557),(8160,41.3558080276,2.0686469192,4,4,4,6,0,20131023174557),(8161,41.3560500528,2.0691052846,4,4,4,6,0,20131023174557),(8162,41.3560257062,2.0690415786,4,4,4,6,0,20131023174557),(8163,41.3551361943,2.0662625038,4,4,4,6,0,20131023174557),(8164,41.3550971576,2.0662925259,4,4,4,6,0,20131023174557),(8165,41.3551873488,2.0663229722,4,4,4,6,0,20131023174557),(8166,41.3550742604,2.0663472503,4,4,4,6,0,20131023174557),(8167,41.3551013585,2.0663895512,4,4,4,6,0,20131023174557),(8168,41.355155344,2.0664129584,4,4,4,6,0,20131023174557),(8169,41.3551892762,2.0663852757,4,4,4,6,0,20131023174557),(8170,41.3551682785,2.0662793415,4,4,4,6,0,20131023174557),(8171,41.3548633676,2.065644155,4,4,4,6,0,20131023174557),(8172,41.3548262043,2.0656693401,4,4,4,6,0,20131023174557),(8173,41.3548715475,2.0655995462,4,4,4,6,0,20131023174557),(8174,41.3548514944,2.0655491057,4,4,4,6,0,20131023174557),(8175,41.3548044802,2.065518037,4,4,4,6,0,20131023174557),(8176,41.3547703059,2.0655431794,4,4,4,6,0,20131023174557),(8177,41.3547740776,2.065613406,4,4,4,6,0,20131023174557),(8178,41.3547968787,2.0656604066,4,4,4,6,0,20131023174557),(8179,41.3544328487,2.0648637798,4,4,4,6,0,20131023174557),(8180,41.3545241834,2.0648854073,4,4,4,6,0,20131023174557),(8181,41.3544881314,2.0649215057,4,4,4,6,0,20131023174557),(8182,41.3545115892,2.064801768,4,4,4,6,0,20131023174557),(8183,41.3544864782,2.0647910561,4,4,4,6,0,20131023174557),(8184,41.3544420794,2.0648264829,4,4,4,6,0,20131023174557),(8185,41.3545405186,2.0648557151,4,4,4,6,0,20131023174557),(8186,41.3544538159,2.0649229013,4,4,4,6,0,20131023174557),(8187,41.3522298144,2.0664267284,4,4,4,6,0,20131023174557),(8188,41.3522825617,2.0665697563,4,4,4,6,0,20131023174557),(8189,41.3522274331,2.0666283582,4,4,4,6,0,20131023174557),(8190,41.3521300033,2.0665597587,4,4,4,6,0,20131023174557),(8191,41.3521833922,2.0666403968,4,4,4,6,0,20131023174557),(8192,41.3522859892,2.0664974372,4,4,4,6,0,20131023174557),(8193,41.3526364696,2.0674486969,4,4,4,6,0,20131023174557),(8194,41.3526629872,2.0675380872,4,4,4,6,0,20131023174557),(8195,41.3526496002,2.0675839224,4,4,4,6,0,20131023174557),(8196,41.3526029025,2.0676218636,4,4,4,6,0,20131023174557),(8197,41.3525718105,2.0676048091,4,4,4,6,0,20131023174557),(8198,41.3525406709,2.0675109203,4,4,4,6,0,20131023174557),(8199,41.3525574414,2.0674581903,4,4,4,6,0,20131023174557),(8200,41.3526047246,2.0674217621,4,4,4,6,0,20131023174557),(8201,41.3527482587,2.0678046555,4,4,4,6,0,20131023174557),(8202,41.3527709808,2.0678706844,4,4,4,6,0,20131023174557),(8203,41.3529337286,2.0682698754,4,4,4,6,0,20131023174557),(8204,41.3529663169,2.0683302717,4,4,4,6,0,20131023174557),(8205,41.3529333849,2.0684402877,4,4,4,6,0,20131023174557),(8206,41.3529114882,2.068426145,4,4,4,6,0,20131023174557),(8207,41.3528795469,2.0683748685,4,4,4,6,0,20131023174557),(8208,41.3529114123,2.0682747574,4,4,4,6,0,20131023174557),(8209,41.3529618849,2.0683758786,4,4,4,6,0,20131023174557),(8210,41.3528823663,2.0683299691,4,4,4,6,0,20131023174557),(8211,41.3521449998,2.0694473842,4,4,4,6,0,20131023174557),(8212,41.3521275871,2.0695230262,4,4,4,6,0,20131023174557),(8213,41.3521331285,2.0695785834,4,4,4,6,0,20131023174557),(8214,41.3521751425,2.0695899458,4,4,4,6,0,20131023174557),(8215,41.3522133115,2.0694646124,4,4,4,6,0,20131023174557),(8216,41.35217418,2.0694220115,4,4,4,6,0,20131023174557),(8217,41.358795195,2.0672212241,4,4,4,6,0,20131023174557),(8218,41.3586861959,2.0670045164,4,4,4,6,0,20131023174557),(8219,41.3587230835,2.0669590851,4,4,4,6,0,20131023174557),(8220,41.3589300251,2.0668191824,4,4,4,6,0,20131023174557),(8221,41.3590345312,2.0669004223,4,4,4,6,0,20131023174557),(8222,41.3589897381,2.0668124889,4,4,4,6,0,20131023174557),(8223,41.3597419369,2.0660386382,4,4,4,6,0,20131023174557),(8224,41.3596555652,2.066090771,4,4,4,6,0,20131023174557),(8225,41.3598600352,2.0660543516,4,4,4,6,0,20131023174557),(8226,41.3599038891,2.0661723481,4,4,4,6,0,20131023174557),(8227,41.3599252699,2.0664583176,4,4,4,6,0,20131023174557),(8228,41.3598387776,2.0665196524,4,4,4,6,0,20131023174557),(8229,41.359693225,2.0663509124,4,4,4,6,0,20131023174557),(8230,41.3596421068,2.0662592,4,4,4,6,0,20131023174557),(8231,41.3604742524,2.0655312414,4,4,4,6,0,20131023174557),(8232,41.3605334681,2.0656626215,4,4,4,6,0,20131023174557),(8233,41.3612565234,2.0649144184,4,4,4,6,0,20131023174557),(8234,41.3612933973,2.0650006619,4,4,4,6,0,20131023174557),(8235,41.3619992623,2.064220136,4,4,4,6,0,20131023174557),(8236,41.3620366287,2.0642978838,4,4,4,6,0,20131023174557),(8237,41.3627459877,2.0636200906,4,4,4,6,0,20131023174557),(8238,41.362699313,2.0635360393,4,4,4,6,0,20131023174557),(8239,41.3634946059,2.0627977216,4,4,4,6,0,20131023174557),(8240,41.3635294605,2.0628636546,4,4,4,6,0,20131023174557),(8241,41.3634974622,2.062973251,4,4,4,6,0,20131023174557),(8242,41.3634414252,2.0630281476,4,4,4,6,0,20131023174557),(8243,41.3633322703,2.0630572316,4,4,4,6,0,20131023174557),(8244,41.3632850854,2.0629696475,4,4,4,6,0,20131023174557),(8245,41.3632912936,2.0628537775,4,4,4,6,0,20131023174557),(8246,41.36339196,2.0627479436,4,4,4,6,0,20131023174557),(8247,41.3616874875,2.0604679217,4,4,4,6,0,20131023174557),(8248,41.3616709642,2.0605653218,4,4,4,6,0,20131023174557),(8249,41.3619859375,2.0607739349,4,4,4,6,0,20131023174557),(8250,41.3620483554,2.0607061742,4,4,4,6,0,20131023174557),(8251,41.3620332912,2.060499526,4,4,4,6,0,20131023174557),(8252,41.3619358183,2.0603222694,4,4,4,6,0,20131023174557),(8253,41.3617677811,2.0602755773,4,4,4,6,0,20131023174557),(8254,41.3617100516,2.0603390919,4,4,4,6,0,20131023174557),(8255,41.3617490309,2.0608017798,4,4,4,6,0,20131023174557),(8256,41.3616557222,2.0606422223,4,4,4,6,0,20131023174557),(8257,41.3604688549,2.061759337,4,4,4,6,0,20131023174557),(8258,41.3604099662,2.0618180025,4,4,4,6,0,20131023174557),(8259,41.3604201034,2.0619091247,4,4,4,6,0,20131023174557),(8260,41.3605576087,2.0621169001,4,4,4,6,0,20131023174557),(8261,41.3599265444,2.0624872684,4,4,4,6,0,20131023174557),(8262,41.3600391211,2.0626800724,4,4,4,6,0,20131023174557),(8263,41.3599006493,2.0624866977,4,4,4,6,0,20131023174557),(8264,41.3598373375,2.0625516248,4,4,4,6,0,20131023174557),(8265,41.3595276116,2.0629210409,4,4,4,6,0,20131023174557),(8266,41.3593142444,2.0631627605,4,4,4,6,0,20131023174557),(8267,41.3592424628,2.0632359839,4,4,4,6,0,20131023174557),(8268,41.3594750778,2.0629850259,4,4,4,6,0,20131023174557),(8269,41.3587687282,2.0637642795,4,4,4,6,0,20131023174557),(8270,41.3588692153,2.0639298597,4,4,4,6,0,20131023174557),(8271,41.3587859109,2.0641195772,4,4,4,6,0,20131023174557),(8272,41.3588588344,2.064060332,4,4,4,6,0,20131023174557),(8273,41.3524877474,2.0725758426,4,4,4,6,0,20131023174557),(8274,41.3524962442,2.0726544783,4,4,4,6,0,20131023174557),(8275,41.3524052787,2.0727231355,4,4,4,6,0,20131023174557),(8276,41.3523840969,2.0726674524,4,4,4,6,0,20131023174557),(8277,41.3523863235,2.072588665,4,4,4,6,0,20131023174557),(8278,41.3524068344,2.0725608575,4,4,4,6,0,20131023174557),(8279,41.3524550579,2.0727126061,4,4,4,6,0,20131023174557),(8280,41.3525275338,2.0737460234,4,4,4,6,0,20131023174557),(8281,41.3525148445,2.0736497347,4,4,4,6,0,20131023174557),(8282,41.3525455459,2.0737631646,4,4,4,6,0,20131023174557),(8283,41.3525963352,2.0737225196,4,4,4,6,0,20131023174557),(8284,41.3526093282,2.0742450783,4,4,4,6,0,20131023174557),(8285,41.352672929,2.0742332367,4,4,4,6,0,20131023174557),(8286,41.3526451756,2.0747255587,4,4,4,6,0,20131023174557),(8287,41.3527480754,2.0746961788,4,4,4,6,0,20131023174557),(8288,41.3519767323,2.0739024355,4,4,4,6,0,20131023174557),(8289,41.3519669821,2.073826659,4,4,4,6,0,20131023174557),(8290,41.3518832497,2.0738406685,4,4,4,6,0,20131023174557),(8291,41.3518972732,2.0739281703,4,4,4,6,0,20131023174557),(8292,41.3514470841,2.0739934691,4,4,4,6,0,20131023174557),(8293,41.3514576206,2.0740591072,4,4,4,6,0,20131023174557),(8294,41.3516411815,2.074005907,4,4,4,6,0,20131023174557),(8295,41.35163064,2.0739396362,4,4,4,6,0,20131023174557),(8296,41.3516028094,2.0739166246,4,4,4,6,0,20131023174557),(8297,41.3515633127,2.0739247738,4,4,4,6,0,20131023174557),(8298,41.3515019685,2.0739427204,4,4,4,6,0,20131023174557),(8299,41.3514553431,2.0739535006,4,4,4,6,0,20131023174557),(8300,41.3515369379,2.0739643659,4,4,4,6,0,20131023174557),(8301,41.3515465567,2.074034445,4,4,4,6,0,20131023174557),(8302,41.3516257076,2.0740377542,4,4,4,6,0,20131023174557),(8303,41.3515801064,2.0740573758,4,4,4,6,0,20131023174557),(8304,41.351517809,2.0740753358,4,4,4,6,0,20131023174557),(8305,41.3514740584,2.074087973,4,4,4,6,0,20131023174557),(8306,41.3509264704,2.0742108616,4,4,4,6,0,20131023174557),(8307,41.3509256538,2.0741656793,4,4,4,6,0,20131023174557),(8308,41.3508580927,2.0741208379,4,4,4,6,0,20131023174557),(8309,41.3508100739,2.0741347734,4,4,4,6,0,20131023174557),(8310,41.3507725413,2.0742106266,4,4,4,6,0,20131023174557),(8311,41.3507879297,2.074261026,4,4,4,6,0,20131023174557),(8312,41.3508381754,2.0742982786,4,4,4,6,0,20131023174557),(8313,41.3508761818,2.0742814718,4,4,4,6,0,20131023174557),(8314,41.3500664465,2.0744814834,4,4,4,6,0,20131023174557),(8315,41.350059994,2.074429852,4,4,4,6,0,20131023174557),(8316,41.350078095,2.0743596616,4,4,4,6,0,20131023174557),(8317,41.3501155939,2.0743467475,4,4,4,6,0,20131023174557),(8318,41.3501771737,2.074393229,4,4,4,6,0,20131023174557),(8319,41.3501833518,2.0744448644,4,4,4,6,0,20131023174557),(8320,41.3501452488,2.0745193442,4,4,4,6,0,20131023174557),(8321,41.3501086404,2.0745406232,4,4,4,6,0,20131023174557),(8322,41.3496638765,2.0745124005,4,4,4,6,0,20131023174557),(8323,41.349653286,2.0746110287,4,4,4,6,0,20131023174557),(8324,41.34962808,2.0746470303,4,4,4,6,0,20131023174557),(8325,41.3495371493,2.0746622104,4,4,4,6,0,20131023174557),(8326,41.3496572118,2.0742490795,4,4,4,6,0,20131023174557),(8327,41.3495747024,2.0742357455,4,4,4,6,0,20131023174557),(8328,41.3495964708,2.0753628849,4,4,4,6,0,20131023174557),(8329,41.3495897001,2.0754553147,4,4,4,6,0,20131023174557),(8330,41.3495551419,2.075533447,4,4,4,6,0,20131023174557),(8331,41.3494760557,2.0755308907,4,4,4,6,0,20131023174557),(8332,41.3495110218,2.0760892195,4,4,4,6,0,20131023174557),(8333,41.3494318759,2.0760865404,4,4,4,6,0,20131023174557),(8334,41.3495193967,2.0761827186,4,4,4,6,0,20131023174558),(8335,41.3495272647,2.0762724296,4,4,4,6,0,20131023174558),(8336,41.3495243682,2.0763869618,4,4,4,6,0,20131023174558),(8337,41.3495216344,2.0764622736,4,4,4,6,0,20131023174558),(8338,41.3494850149,2.0769492195,4,4,4,6,0,20131023174558),(8339,41.3494048956,2.0769440229,4,4,4,6,0,20131023174558),(8340,41.349508428,2.0770159398,4,4,4,6,0,20131023174558),(8341,41.3495095065,2.0770911979,4,4,4,6,0,20131023174558),(8342,41.3494964032,2.077658146,4,4,4,6,0,20131023174558),(8343,41.3493938584,2.0776501014,4,4,4,6,0,20131023174558),(8344,41.3569234878,2.0930139844,4,4,4,6,0,20131023174558),(8345,41.3568340984,2.092780985,4,4,4,6,0,20131023174558),(8346,41.3548211882,2.0940778478,4,4,4,6,0,20131023174558),(8347,41.3548947179,2.0943132237,4,4,4,6,0,20131023174558),(8348,41.3552283985,2.0943630934,4,4,4,6,0,20131023174558),(8349,41.3551254352,2.0944262575,4,4,4,6,0,20131023174558),(8350,41.354829184,2.0947664659,4,4,4,6,0,20131023174558),(8351,41.3547068535,2.0948423896,4,4,4,6,0,20131023174558),(8352,41.3546432332,2.0948807932,4,4,4,6,0,20131023174558),(8353,41.3545655675,2.0949308112,4,4,4,6,0,20131023174558),(8354,41.3546782765,2.0939881418,4,4,4,6,0,20131023174558),(8355,41.3545556977,2.0940555804,4,4,4,6,0,20131023174558),(8356,41.3544068669,2.0941195144,4,4,4,6,0,20131023174558),(8357,41.3543299097,2.0941524832,4,4,4,6,0,20131023174558),(8358,41.3582385317,2.0922737654,4,4,4,6,0,20131023174558),(8359,41.3580704432,2.0923551329,4,4,4,6,0,20131023174558),(8360,41.3579472877,2.0923656212,4,4,4,6,0,20131023174558),(8361,41.3578340584,2.0920609166,4,4,4,6,0,20131023174558),(8362,41.3583137511,2.0932529306,4,4,4,6,0,20131023174558),(8363,41.3583362682,2.0933886392,4,4,4,6,0,20131023174558),(8364,41.3586346979,2.0945153931,4,4,4,6,0,20131023174558),(8365,41.358592038,2.0943941953,4,4,4,6,0,20131023174558),(8366,41.3587826173,2.0951468707,4,4,4,6,0,20131023174558),(8367,41.3588264649,2.0952939593,4,4,4,6,0,20131023174558),(8368,41.356947003,2.0925322839,4,4,4,6,0,20131023174558),(8369,41.3570723568,2.0924508439,4,4,4,6,0,20131023174558),(8370,41.3588485035,2.0943690796,4,4,4,6,0,20131023174558),(8371,41.3588230842,2.0942563655,4,4,4,6,0,20131023174558),(8372,41.3586300295,2.0936251279,4,4,4,6,0,20131023174558),(8373,41.3586110911,2.0935437585,4,4,4,6,0,20131023174558),(8374,41.355485488,2.0969021195,4,4,4,6,0,20131023174558),(8375,41.3554255882,2.0969411617,4,4,4,6,0,20131023174558),(8376,41.3553536192,2.0969988992,4,4,4,6,0,20131023174558),(8377,41.3555977298,2.0968192283,4,4,4,6,0,20131023174558),(8378,41.3543542394,2.0947842236,4,4,4,6,0,20131023174558),(8379,41.3542412951,2.094533741,4,4,4,6,0,20131023174558),(8380,41.3531790176,2.0956852071,4,4,4,6,0,20131023174558),(8381,41.3531263932,2.0955567862,4,4,4,6,0,20131023174558),(8382,41.3530713714,2.0954463669,4,4,4,6,0,20131023174558),(8383,41.3531383538,2.0955870647,4,4,4,6,0,20131023174558),(8384,41.3529169447,2.0953923479,4,4,4,6,0,20131023174558),(8385,41.3527520839,2.0955181553,4,4,4,6,0,20131023174558),(8386,41.352679604,2.0957707104,4,4,4,6,0,20131023174558),(8387,41.3527311618,2.09587107,4,4,4,6,0,20131023174558),(8388,41.3527443196,2.0959115618,4,4,4,6,0,20131023174558),(8389,41.3527871526,2.0959971979,4,4,4,6,0,20131023174558),(8390,41.3530092385,2.0961547254,4,4,4,6,0,20131023174558),(8391,41.3531850109,2.0960175384,4,4,4,6,0,20131023174558),(8392,41.3510821344,2.0973455501,4,4,4,6,0,20131023174558),(8393,41.3509783907,2.0971181344,4,4,4,6,0,20131023174558),(8394,41.3577425162,2.0894527383,4,4,4,6,0,20131023174558),(8395,41.357714892,2.0892997806,4,4,4,6,0,20131023174558),(8396,41.3569034661,2.0876362177,4,4,4,6,0,20131023174558),(8397,41.357041176,2.0875455279,4,4,4,6,0,20131023174558),(8398,41.3562060156,2.0860393116,4,4,4,6,0,20131023174558),(8399,41.3562864881,2.0862525398,4,4,4,6,0,20131023174558),(8400,41.3558410637,2.08638074,4,4,4,6,0,20131023174558),(8401,41.3559339193,2.0865409855,4,4,4,6,0,20131023174558),(8402,41.355466544,2.0868602013,4,4,4,6,0,20131023174558),(8403,41.3554081384,2.0866819263,4,4,4,6,0,20131023174558),(8404,41.3552514177,2.0870337482,4,4,4,6,0,20131023174558),(8405,41.3551822774,2.0868148668,4,4,4,6,0,20131023174558),(8406,41.3548627741,2.0872370247,4,4,4,6,0,20131023174558),(8407,41.3547841445,2.0870559436,4,4,4,6,0,20131023174558),(8408,41.354572231,2.0874140647,4,4,4,6,0,20131023174558),(8409,41.3545037519,2.0872302627,4,4,4,6,0,20131023174558),(8410,41.353752986,2.087896981,4,4,4,6,0,20131023174558),(8411,41.3536980988,2.0877274057,4,4,4,6,0,20131023174558),(8412,41.3533400716,2.0879229748,4,4,4,6,0,20131023174558),(8413,41.3534046891,2.0881242184,4,4,4,6,0,20131023174558),(8414,41.3529473167,2.0884024295,4,4,4,6,0,20131023174558),(8415,41.3525260361,2.0884292018,4,4,4,6,0,20131023174558),(8416,41.3525948938,2.0886153761,4,4,4,6,0,20131023174558),(8417,41.3528764336,2.0882146091,4,4,4,6,0,20131023174558),(8418,41.3557778212,2.0850126989,4,4,4,6,0,20131023174558),(8419,41.3557945898,2.0850746132,4,4,4,6,0,20131023174558),(8420,41.3549144594,2.0854981743,4,4,4,6,0,20131023174558),(8421,41.3548195535,2.0855503621,4,4,4,6,0,20131023174558),(8422,41.3549449079,2.0856203422,4,4,4,6,0,20131023174558),(8423,41.3548754144,2.0856552208,4,4,4,6,0,20131023174558),(8424,41.3542643694,2.0859258862,4,4,4,6,0,20131023174558),(8425,41.3542870815,2.0860018631,4,4,4,6,0,20131023174558),(8426,41.3542339242,2.086052163,4,4,4,6,0,20131023174558),(8427,41.3542015333,2.0859541093,4,4,4,6,0,20131023174558),(8428,41.3539218861,2.0861093344,4,4,4,6,0,20131023174558),(8429,41.3538534421,2.0861526742,4,4,4,6,0,20131023174558),(8430,41.3536287821,2.0864479382,4,4,4,6,0,20131023174558),(8431,41.3535695949,2.0864813673,4,4,4,6,0,20131023174558),(8432,41.3536291976,2.0863142567,4,4,4,6,0,20131023174558),(8433,41.3535630292,2.0863347418,4,4,4,6,0,20131023174558),(8434,41.3531798863,2.0865956971,4,4,4,6,0,20131023174558),(8435,41.3532058821,2.086652065,4,4,4,6,0,20131023174558),(8436,41.353356381,2.0866088863,4,4,4,6,0,20131023174558),(8437,41.3532429245,2.0866763274,4,4,4,6,0,20131023174558),(8438,41.3533628926,2.0865624983,4,4,4,6,0,20131023174558),(8439,41.3533089658,2.0865156488,4,4,4,6,0,20131023174558),(8440,41.3532631319,2.0864980298,4,4,4,6,0,20131023174558),(8441,41.353197015,2.0865250345,4,4,4,6,0,20131023174558),(8442,41.3527797036,2.0868145024,4,4,4,6,0,20131023174558),(8443,41.3527038177,2.0868488155,4,4,4,6,0,20131023174558),(8444,41.3523710693,2.0870829795,4,4,4,6,0,20131023174558),(8445,41.3523927929,2.0871583162,4,4,4,6,0,20131023174558),(8446,41.3522855073,2.0871363367,4,4,4,6,0,20131023174558),(8447,41.3523078149,2.0872234024,4,4,4,6,0,20131023174558),(8448,41.3523538486,2.0870799591,4,4,4,6,0,20131023174558),(8449,41.3522956282,2.0871114173,4,4,4,6,0,20131023174558),(8450,41.3523847557,2.0871982041,4,4,4,6,0,20131023174558),(8451,41.3523363498,2.087232282,4,4,4,6,0,20131023174558),(8452,41.3515821554,2.0875399777,4,4,4,6,0,20131023174558),(8453,41.3515195494,2.0875760605,4,4,4,6,0,20131023174558),(8454,41.351611004,2.0876465132,4,4,4,6,0,20131023174558),(8455,41.3515385466,2.0876794728,4,4,4,6,0,20131023174558),(8456,41.3515199293,2.0876862526,4,4,4,6,0,20131023174558),(8457,41.3514980526,2.0876212843,4,4,4,6,0,20131023174558),(8458,41.352800403,2.0850925079,4,4,4,6,0,20131023174558),(8459,41.3528526915,2.085216177,4,4,4,6,0,20131023174558),(8460,41.3525219779,2.0854434026,4,4,4,6,0,20131023174558),(8461,41.3524835538,2.0853260877,4,4,4,6,0,20131023174558),(8462,41.3523167378,2.0854423391,4,4,4,6,0,20131023174558),(8463,41.3523592279,2.0855575049,4,4,4,6,0,20131023174558),(8464,41.3519164225,2.0857268391,4,4,4,6,0,20131023174558),(8465,41.3519677859,2.0858583766,4,4,4,6,0,20131023174558),(8466,41.3516064364,2.085955079,4,4,4,6,0,20131023174558),(8467,41.3516597727,2.0860865885,4,4,4,6,0,20131023174558),(8468,41.3512089925,2.0863909936,4,4,4,6,0,20131023174558),(8469,41.3507992283,2.0865311645,4,4,4,6,0,20131023174558),(8470,41.3511643928,2.0862701504,4,4,4,6,0,20131023174558),(8471,41.3508631993,2.0867058435,4,4,4,6,0,20131023174558),(8472,41.3501598609,2.087065998,4,4,4,6,0,20131023174558),(8473,41.3502139857,2.0871726157,4,4,4,6,0,20131023174558),(8474,41.3540483478,2.081101096,4,4,4,6,0,20131023174558),(8475,41.353979833,2.0808926315,4,4,4,6,0,20131023174558),(8476,41.3528684908,2.0816348057,4,4,4,6,0,20131023174558),(8477,41.3529325915,2.0818185504,4,4,4,6,0,20131023174558),(8478,41.3527694272,2.0815059011,4,4,4,6,0,20131023174558),(8479,41.3526740327,2.0815262609,4,4,4,6,0,20131023174558),(8480,41.3525332664,2.0815488419,4,4,4,6,0,20131023174558),(8481,41.3526484792,2.0822177648,4,4,4,6,0,20131023174558),(8482,41.3525496275,2.0822540239,4,4,4,6,0,20131023174558),(8483,41.3528246215,2.0821376224,4,4,4,6,0,20131023174558),(8484,41.3529197388,2.0820823929,4,4,4,6,0,20131023174558),(8485,41.3524435865,2.0815708716,4,4,4,6,0,20131023174558),(8486,41.3523869779,2.081928168,4,4,4,6,0,20131023174558),(8487,41.3524697935,2.0821283269,4,4,4,6,0,20131023174558),(8488,41.3518675102,2.0825441554,4,4,4,6,0,20131023174558),(8489,41.3517784146,2.0826056397,4,4,4,6,0,20131023174558),(8490,41.3510046879,2.0830920204,4,4,4,6,0,20131023174558),(8491,41.350982858,2.0828612718,4,4,4,6,0,20131023174558),(8492,41.3505750327,2.0831360766,4,4,4,6,0,20131023174558),(8493,41.3506495362,2.0833426884,4,4,4,6,0,20131023174558),(8494,41.3508420911,2.08277251,4,4,4,6,0,20131023174558),(8495,41.3507267832,2.0828422856,4,4,4,6,0,20131023174558),(8496,41.3506472673,2.0829068046,4,4,4,6,0,20131023174558),(8497,41.3508439739,2.0834604396,4,4,4,6,0,20131023174558),(8498,41.3510293193,2.0833357898,4,4,4,6,0,20131023174558),(8499,41.3507490765,2.0828334088,4,4,4,6,0,20131023174558),(8500,41.3509412621,2.0833858736,4,4,4,6,0,20131023174558),(8501,41.3509140303,2.0833995118,4,4,4,6,0,20131023174558),(8502,41.3489751344,2.0842743789,4,4,4,6,0,20131023174558),(8503,41.3490758229,2.0844695252,4,4,4,6,0,20131023174558),(8504,41.352877537,2.0763477777,4,4,4,6,0,20131023174558),(8505,41.3528981944,2.0766109199,4,4,4,6,0,20131023174558),(8506,41.3528904883,2.0765058331,4,4,4,6,0,20131023174558),(8507,41.352887605,2.0764638395,4,4,4,6,0,20131023174558),(8508,41.3521910796,2.0766848269,4,4,4,6,0,20131023174558),(8509,41.3522598329,2.076946358,4,4,4,6,0,20131023174558),(8510,41.3522104257,2.0771907005,4,4,4,6,0,20131023174558),(8511,41.3521420261,2.0772622966,4,4,4,6,0,20131023174558),(8512,41.3519872386,2.0772953634,4,4,4,6,0,20131023174558),(8513,41.3518869094,2.0773214311,4,4,4,6,0,20131023174558),(8514,41.3517873276,2.0771676552,4,4,4,6,0,20131023174558),(8515,41.3517129298,2.0768795321,4,4,4,6,0,20131023174558),(8516,41.3518380057,2.0766724,4,4,4,6,0,20131023174558),(8517,41.3518986507,2.0766737911,4,4,4,6,0,20131023174558),(8518,41.3519532833,2.0766424664,4,4,4,6,0,20131023174558),(8519,41.3520018777,2.0766456426,4,4,4,6,0,20131023174558),(8520,41.3506374588,2.0774109205,4,4,4,6,0,20131023174558),(8521,41.3506620853,2.0775108085,4,4,4,6,0,20131023174558),(8522,41.3506695961,2.0776067612,4,4,4,6,0,20131023174558),(8523,41.3507211992,2.0777068663,4,4,4,6,0,20131023174558),(8524,41.3495438167,2.0785455079,4,4,4,6,0,20131023174558),(8525,41.349446021,2.078594957,4,4,4,6,0,20131023174558),(8526,41.3493861916,2.0786236305,4,4,4,6,0,20131023174558),(8527,41.3491902439,2.0784391526,4,4,4,6,0,20131023174558),(8528,41.3491843392,2.0785353826,4,4,4,6,0,20131023174558),(8529,41.3491708189,2.0786329848,4,4,4,6,0,20131023174558),(8530,41.3493521491,2.0786582668,4,4,4,6,0,20131023174558),(8531,41.3493174462,2.0787296001,4,4,4,6,0,20131023174558),(8532,41.3491443221,2.0782993735,4,4,4,6,0,20131023174558),(8533,41.3497190241,2.0781622482,4,4,4,6,0,20131023174558),(8534,41.349682985,2.0780252163,4,4,4,6,0,20131023174558),(8535,41.3496874622,2.0780593243,4,4,4,6,0,20131023174558),(8536,41.3494638253,2.0785894447,4,4,4,6,0,20131023174558),(8537,41.3496482416,2.0779331863,4,4,4,6,0,20131023174558),(8538,41.3528405649,2.0753810333,4,4,4,6,0,20131023174558),(8539,41.352774985,2.0753991398,4,4,4,6,0,20131023174558),(8540,41.3530020166,2.076154064,4,4,4,6,0,20131023174558),(8541,41.3529106005,2.0761964711,4,4,4,6,0,20131023174558),(8542,41.3531480961,2.0767388278,4,4,4,6,0,20131023174558),(8543,41.353047268,2.0767843948,4,4,4,6,0,20131023174558),(8544,41.3540292896,2.0805374212,4,4,4,6,0,20131023174558),(8545,41.35412469,2.0804696298,4,4,4,6,0,20131023174558),(8546,41.3544847249,2.0813256193,4,4,4,6,0,20131023174558),(8547,41.3543719991,2.0814157636,4,4,4,6,0,20131023174558),(8548,41.3553622197,2.0835400872,4,4,4,6,0,20131023174558),(8549,41.3552189395,2.0836243303,4,4,4,6,0,20131023174558),(8550,41.3561891753,2.0858322936,4,4,4,6,0,20131023174558),(8551,41.3563272113,2.0857536889,4,4,4,6,0,20131023174558),(8552,41.3518006439,2.0688109993,4,4,4,6,0,20131023174558),(8553,41.3517564101,2.0688075622,4,4,4,6,0,20131023174558),(8554,41.3516468658,2.0687922747,4,4,4,6,0,20131023174558),(8555,41.351685369,2.0687884968,4,4,4,6,0,20131023174558),(8556,41.3515609309,2.0700220024,4,4,4,6,0,20131023174558),(8557,41.3515219823,2.0700172424,4,4,4,6,0,20131023174558),(8558,41.3515187794,2.0704942539,4,4,4,6,0,20131023174558),(8559,41.3514601177,2.0704927629,4,4,4,6,0,20131023174558),(8560,41.3514279901,2.0705251657,4,4,4,6,0,20131023174558),(8561,41.3514122655,2.0705834741,4,4,4,6,0,20131023174558),(8562,41.3514520689,2.0706346052,4,4,4,6,0,20131023174558),(8563,41.3515086079,2.0706442584,4,4,4,6,0,20131023174558),(8564,41.3515364387,2.0706217911,4,4,4,6,0,20131023174558),(8565,41.3515432189,2.0705397945,4,4,4,6,0,20131023174558),(8566,41.3513286793,2.071867827,4,4,4,6,0,20131023174558),(8567,41.3513717867,2.0718788842,4,4,4,6,0,20131023174558),(8568,41.351335882,2.0727780443,4,4,4,6,0,20131023174558),(8569,41.3512754866,2.0727892196,4,4,4,6,0,20131023174558),(8570,41.35124798,2.0727712615,4,4,4,6,0,20131023174558),(8571,41.351236376,2.0726892447,4,4,4,6,0,20131023174558),(8572,41.3512642121,2.0726406887,4,4,4,6,0,20131023174558),(8573,41.3513088447,2.0726392924,4,4,4,6,0,20131023174558),(8574,41.3513366271,2.0726557176,4,4,4,6,0,20131023174558),(8575,41.3514341902,2.0735094085,4,4,4,6,0,20131023174558),(8576,41.3513769798,2.0735247877,4,4,4,6,0,20131023174558),(8577,41.3516287602,2.074888491,4,4,4,6,0,20131023174558),(8578,41.3515912562,2.0748976667,4,4,4,6,0,20131023174558),(8579,41.3517245906,2.0755114214,4,4,4,6,0,20131023174558),(8580,41.3516739317,2.0755244714,4,4,4,6,0,20131023174558),(8581,41.3516443063,2.0755639734,4,4,4,6,0,20131023174558),(8582,41.3516464158,2.0756247445,4,4,4,6,0,20131023174558),(8583,41.3516928454,2.0756541976,4,4,4,6,0,20131023174558),(8584,41.351733906,2.0756392893,4,4,4,6,0,20131023174558),(8585,41.3517590726,2.0756210021,4,4,4,6,0,20131023174558),(8586,41.3517504334,2.0755243407,4,4,4,6,0,20131023174558),(8587,41.3517619873,2.0760962605,4,4,4,6,0,20131023174558),(8588,41.3518008067,2.0760839747,4,4,4,6,0,20131023174558),(8589,41.3518207538,2.0762396443,4,4,4,6,0,20131023174558),(8590,41.3517842112,2.0762522333,4,4,4,6,0,20131023174558),(8591,41.3530562439,2.0852828399,4,4,4,6,0,20131023174558),(8592,41.3530055418,2.0852987253,4,4,4,6,0,20131023174558),(8593,41.3532003035,2.0862194291,4,4,4,6,0,20131023174558),(8594,41.3531632809,2.0862296365,4,4,4,6,0,20131023174558),(8595,41.353552705,2.0876577302,4,4,4,6,0,20131023174558),(8596,41.3533869043,2.0877873621,4,4,4,6,0,20131023174558),(8597,41.3537038149,2.0881022873,4,4,4,6,0,20131023174558),(8598,41.3536185557,2.088155612,4,4,4,6,0,20131023174558),(8599,41.3540568946,2.0891319638,4,4,4,6,0,20131023174558),(8600,41.3539746827,2.0891832635,4,4,4,6,0,20131023174558),(8601,41.3537059207,2.0899818878,4,4,4,6,0,20131023174558),(8602,41.3536319204,2.0897855477,4,4,4,6,0,20131023174558),(8603,41.3536094796,2.0902568318,4,4,4,6,0,20131023174558),(8604,41.3536837046,2.0902037342,4,4,4,6,0,20131023174558),(8605,41.3542800515,2.091871952,4,4,4,6,0,20131023174558),(8606,41.3541875769,2.091932065,4,4,4,6,0,20131023174558),(8607,41.3541818773,2.09267807900005,1,4,4,6,0,20131023183811),(8608,41.3542792395,2.0926288499,4,4,4,6,0,20131023174558),(8609,41.3521156317,2.0795991025,4,4,4,6,0,20131023174558),(8610,41.3520907705,2.07935069730002,4,2,4,6,0,20131023183812),(8611,41.350427902,2.0806350576,4,4,4,6,0,20131023174558),(8612,41.3503809257,2.0805149029,4,4,4,6,0,20131023174558),(8613,41.3503185271,2.0809652117,4,4,4,6,0,20131023174558),(8614,41.3502285539,2.0810068105,4,4,4,6,0,20131023174558),(8615,41.3502026506,2.0810176964,4,4,4,6,0,20131023174558),(8616,41.3501149123,2.0810633558,4,4,4,6,0,20131023174558),(8617,41.3499417751,2.0809749691,4,4,4,6,0,20131023174558),(8618,41.3499000916,2.0808352266,4,4,4,6,0,20131023174558),(8619,41.3501385949,2.0803837886,4,4,4,6,0,20131023174558),(8620,41.3500371568,2.0804547933,4,4,4,6,0,20131023174558),(8621,41.3499394005,2.0805092997,4,4,4,6,0,20131023174558),(8622,41.3500590922,2.0804437209,4,4,4,6,0,20131023174558),(8623,41.3497062658,2.0724037261,4,4,4,6,0,20131023174558),(8624,41.3497899233,2.0724132076,4,4,4,6,0,20131023174558),(8625,41.3498458291,2.0720874414,4,4,4,6,0,20131023174558),(8626,41.3497647637,2.07204943,4,4,4,6,0,20131023174558),(8627,41.3504825368,2.0701857651,4,4,4,6,0,20131023174558),(8628,41.3504064363,2.0701297072,4,4,4,6,0,20131023174558),(8629,41.3503539079,2.0703024011,4,4,4,6,0,20131023174558),(8630,41.3504254621,2.0703435717,4,4,4,6,0,20131023174558),(8631,41.3504430209,2.0703753626,4,4,4,6,0,20131023174558),(8632,41.3504359442,2.0704459512,4,4,4,6,0,20131023174558),(8633,41.3504777966,2.0703465669,4,4,4,6,0,20131023174558),(8634,41.3505290444,2.0703645297,4,4,4,6,0,20131023174558),(8635,41.3505381305,2.0703435747,4,4,4,6,0,20131023174558),(8636,41.3505274181,2.0702625584,4,4,4,6,0,20131023174558),(8637,41.3508114409,2.0692223955,4,4,4,6,0,20131023174558),(8638,41.3507396866,2.0691769399,4,4,4,6,0,20131023174558),(8639,41.3513516114,2.0678379566,4,4,4,6,0,20131023174558),(8640,41.3512898622,2.0677842354,4,4,4,6,0,20131023174558),(8641,41.352965267,2.0756536619,4,4,4,6,0,20131023174558),(8642,41.3529230408,2.0755816751,4,4,4,6,0,20131023174558),(8643,41.3534276039,2.0751829857,4,4,4,6,0,20131023174558),(8644,41.3533584302,2.0750638825,4,4,4,6,0,20131023174558),(8645,41.3535581222,2.0750681242,4,4,4,6,0,20131023174558),(8646,41.3536959284,2.0750165258,4,4,4,6,0,20131023174558),(8647,41.3537023547,2.0749971258,4,4,4,6,0,20131023174558),(8648,41.3536403381,2.0747800824,4,4,4,6,0,20131023174558),(8649,41.3536628893,2.0747411452,4,4,4,6,0,20131023174558),(8650,41.3537576268,2.0747186587,4,4,4,6,0,20131023174558),(8651,41.3538089833,2.0749887238,4,4,4,6,0,20131023174558),(8652,41.3537327622,2.0750307176,4,4,4,6,0,20131023174558),(8653,41.3560528608,2.0715390087,4,4,4,6,0,20131023174558),(8654,41.3559682951,2.0716078461,4,4,4,6,0,20131023174558),(8655,41.3572944583,2.0703277515,4,4,4,6,0,20131023174558),(8656,41.3572401529,2.0703210737,4,4,4,6,0,20131023174558),(8657,41.3576032157,2.0780488637,4,4,4,6,0,20131023174558),(8658,41.3574879384,2.078105444,4,4,4,6,0,20131023174558),(8659,41.3574491652,2.0781694023,4,4,4,6,0,20131023174558),(8660,41.3574656637,2.0782410377,4,4,4,6,0,20131023174558),(8661,41.357580994,2.0783239649,4,4,4,6,0,20131023174558),(8662,41.3576676527,2.0782734244,4,4,4,6,0,20131023174558),(8663,41.3576871705,2.07819141770005,2,4,4,6,0,20131204185854),(8664,41.3576471137,2.0780947485,4,4,4,6,0,20131023174558),(8665,41.3578801645,2.0788256498,4,4,4,6,0,20131023174558),(8666,41.3578085482,2.078898525,4,4,4,6,0,20131023174558),(8667,41.3582394178,2.0800572644,4,4,4,6,0,20131023174558),(8668,41.358270633,2.0801416994,4,4,4,6,0,20131023174558),(8669,41.3583155875,2.0801537358,4,4,4,6,0,20131023174558),(8670,41.3584100078,2.0800852709,4,4,4,6,0,20131023174558),(8671,41.3584323309,2.080012118,4,4,4,6,0,20131023174558),(8672,41.3583942686,2.0799068772,4,4,4,6,0,20131023174558),(8673,41.35829469,2.0798671061,4,4,4,6,0,20131023174558),(8674,41.3582259306,2.0799219097,4,4,4,6,0,20131023174558),(8675,41.3586267595,2.0805543442,4,4,4,6,0,20131023174558),(8676,41.3585083154,2.080644576,4,4,4,6,0,20131023174558),(8677,41.3586058855,2.0809434586,4,4,4,6,0,20131023174558),(8678,41.35870418,2.0809101818,4,4,4,6,0,20131023174558),(8679,41.3589705018,2.0820433796,4,4,4,6,0,20131023174558),(8680,41.3588592016,2.0821306449,4,4,4,6,0,20131023174558),(8681,41.3590328865,2.0822755176,4,4,4,6,0,20131023174558),(8682,41.3590601072,2.0823996773,4,4,4,6,0,20131023174558),(8683,41.3590564339,2.08244526,4,4,4,6,0,20131023174558),(8684,41.3591419787,2.0826717177,4,4,4,6,0,20131023174558),(8685,41.3591761012,2.0827756939,4,4,4,6,0,20131023174558),(8686,41.3591744349,2.0828199093,4,4,4,6,0,20131023174558),(8687,41.3593487066,2.0831656501,4,4,4,6,0,20131023174558),(8688,41.3592355581,2.0832743663,4,4,4,6,0,20131023174558),(8689,41.3589578105,2.0825136813,4,4,4,6,0,20131023174558),(8690,41.359079693,2.082869419,4,4,4,6,0,20131023174558),(8691,41.3592751074,2.0830474412,4,4,4,6,0,20131023174558),(8692,41.3593376585,2.0831942399,4,4,4,6,0,20131023174558),(8693,41.3600643557,2.0841067895,4,4,4,6,0,20131023174558),(8694,41.3600031682,2.0842342549,4,4,4,6,0,20131023174558),(8695,41.3603988526,2.0844961121,4,4,4,6,0,20131023174558),(8696,41.360330964,2.0846427408,4,4,4,6,0,20131023174558),(8697,41.3605153225,2.0846964477,4,4,4,6,0,20131023174558),(8698,41.3603843321,2.084805955,4,4,4,6,0,20131023174558),(8699,41.36078866,2.0855866609,4,4,4,6,0,20131023174558),(8700,41.3608869986,2.0855245379,4,4,4,6,0,20131023174558),(8701,41.3608710049,2.0841258774,4,4,4,6,0,20131023174558),(8702,41.3608060158,2.0840451731,4,4,4,6,0,20131023174558),(8703,41.3604991991,2.0844840989,4,4,4,6,0,20131023174558),(8704,41.3605644825,2.084542727,4,4,4,6,0,20131023174558),(8705,41.3613564489,2.0836202433,4,4,4,6,0,20131023174558),(8706,41.361332323,2.0835193386,4,4,4,6,0,20131023174558),(8707,41.3616402462,2.0833978894,4,4,4,6,0,20131023174558),(8708,41.3616631516,2.0835038319,4,4,4,6,0,20131023174558),(8709,41.3624489965,2.082994624,4,4,4,6,0,20131023174558),(8710,41.3624014648,2.0828915308,4,4,4,6,0,20131023174558),(8711,41.3624127269,2.0826294454,4,4,4,6,0,20131023174558),(8712,41.362512498,2.0824686134,4,4,4,6,0,20131023174558),(8713,41.364864056,2.0870719912,4,4,4,6,0,20131023174558),(8714,41.3648590469,2.08687159,4,4,4,6,0,20131023174558),(8715,41.3648570899,2.0867284307,4,4,4,6,0,20131023174558),(8716,41.3646160495,2.0866499179,4,4,4,6,0,20131023174558),(8717,41.3646126231,2.0868091014,4,4,4,6,0,20131023174558),(8718,41.3643387094,2.086403847,4,4,4,6,0,20131023174558),(8719,41.3642676587,2.0863897405,4,4,4,6,0,20131023174558),(8720,41.3641917786,2.0863705363,4,4,4,6,0,20131023174558),(8721,41.3639257001,2.0856305478,4,4,4,6,0,20131023174558),(8722,41.3639876532,2.0855819336,4,4,4,6,0,20131023174558),(8723,41.3640508279,2.0855241093,4,4,4,6,0,20131023174558),(8724,41.3635285789,2.0845833208,4,4,4,6,0,20131023174558),(8725,41.3634632148,2.084635482,4,4,4,6,0,20131023174558),(8726,41.3634029528,2.0846999092,4,4,4,6,0,20131023174558),(8727,41.3633470212,2.0839889206,4,4,4,6,0,20131023174558),(8728,41.3632743648,2.0839931002,4,4,4,6,0,20131023174558),(8729,41.3631890343,2.0840018767,4,4,4,6,0,20131023174558),(8730,41.3633759454,2.0841799032,4,4,4,6,0,20131023174558),(8731,41.3632084587,2.0842470954,4,4,4,6,0,20131023174558),(8732,41.363302799,2.0842136415,4,4,4,6,0,20131023174558),(8733,41.3646025089,2.0835221239,4,4,4,6,0,20131023174558),(8734,41.364584984,2.0833083676,4,4,4,6,0,20131023174558),(8735,41.3644206566,2.083339253,4,4,4,6,0,20131023174558),(8736,41.3644254743,2.0835406988,4,4,4,6,0,20131023174558),(8737,41.3634476218,2.0837003762,4,4,4,6,0,20131023174558),(8738,41.3634338786,2.0834758581,4,4,4,6,0,20131023174558),(8739,41.3629283937,2.083299491,4,4,4,6,0,20131023174558),(8740,41.3630513756,2.0831620459,4,4,4,6,0,20131023174558),(8741,41.363050073,2.0829982025,4,4,4,6,0,20131023174558),(8742,41.3629663555,2.0828984097,4,4,4,6,0,20131023174558),(8743,41.3628459631,2.0828909922,4,4,4,6,0,20131023174558),(8744,41.3627216689,2.08302018,4,4,4,6,0,20131023174558),(8745,41.3619596889,2.0819109724,4,4,4,6,0,20131023174558),(8746,41.3619061353,2.0820011175,4,4,4,6,0,20131023174558),(8747,41.3618595652,2.0820790028,4,4,4,6,0,20131023174558),(8748,41.3610555692,2.0812092142,4,4,4,6,0,20131023174558),(8749,41.3609873661,2.0813904907,4,4,4,6,0,20131023174558),(8750,41.3601209722,2.0806756669,4,4,4,6,0,20131023174558),(8751,41.360077829,2.080870241,4,4,4,6,0,20131023174558),(8752,41.3598192993,2.0803843118,4,4,4,6,0,20131023174558),(8753,41.3598168562,2.080516675,4,4,4,6,0,20131023174558),(8754,41.3599976808,2.0786236058,4,4,4,6,0,20131023174558),(8755,41.3600751621,2.0786451143,4,4,4,6,0,20131023174558),(8756,41.3600217077,2.0794458786,4,4,4,6,0,20131023174558),(8757,41.3599996492,2.0797503137,4,4,4,6,0,20131023174558),(8758,41.3598971118,2.0797543207,4,4,4,6,0,20131023174558),(8759,41.3598781589,2.0796498721,4,4,4,6,0,20131023174558),(8760,41.3599136157,2.0794294589,4,4,4,6,0,20131023174558),(8761,41.3598858749,2.0794961805,4,4,4,6,0,20131023174558),(8762,41.3593718879,2.0805133145,4,4,4,6,0,20131023174558),(8763,41.3593479995,2.0804058793,4,4,4,6,0,20131023174558),(8764,41.358684639,2.0806518263,4,4,4,6,0,20131023174558),(8765,41.358710517,2.0807886137,4,4,4,6,0,20131023174558),(8766,41.3618903119,2.0789026092,4,4,4,6,0,20131023174558),(8767,41.3618753924,2.0789862225,4,4,4,6,0,20131023174558),(8768,41.361804652,2.078972347,4,4,4,6,0,20131023174558),(8769,41.3617846127,2.0789028028,4,4,4,6,0,20131023174558),(8770,41.3617981278,2.0788263214,4,4,4,6,0,20131023174558),(8771,41.3618819436,2.0788363063,4,4,4,6,0,20131023174558),(8772,41.3618368901,2.0788005612,4,4,4,6,0,20131023174558),(8773,41.3618603592,2.0790084085,4,4,4,6,0,20131023174558),(8774,41.3630070644,2.0795667487,4,4,4,6,0,20131023174558),(8775,41.3629298884,2.0795514033,4,4,4,6,0,20131023174558),(8776,41.3629013267,2.0795804711,4,4,4,6,0,20131023174558),(8777,41.3628900494,2.0796486238,4,4,4,6,0,20131023174558),(8778,41.3630275366,2.0795958874,4,4,4,6,0,20131023174558),(8779,41.3630217408,2.0796632189,4,4,4,6,0,20131023174558),(8780,41.3642162997,2.0795487266,4,4,4,6,0,20131023174558),(8781,41.3642281589,2.0796675272,4,4,4,6,0,20131023174558),(8782,41.3641629111,2.0797925839,4,4,4,6,0,20131023174558),(8783,41.3640804099,2.0797840189,4,4,4,6,0,20131023174558),(8784,41.3639335771,2.0796695983,4,4,4,6,0,20131023174558),(8785,41.3639297831,2.0795848231,4,4,4,6,0,20131023174558),(8786,41.3640816043,2.0794678602,4,4,4,6,0,20131023174558),(8787,41.3641485309,2.0794555399,4,4,4,6,0,20131023174558),(8788,41.3654062558,2.0790420239,4,4,4,6,0,20131023174558),(8789,41.3654385522,2.0791549449,4,4,4,6,0,20131023174558),(8790,41.365337394,2.079033187,4,4,4,6,0,20131023174558),(8791,41.3652458908,2.0790798239,4,4,4,6,0,20131023174558),(8792,41.3660017275,2.078727007,4,4,4,6,0,20131023174558),(8793,41.3660231365,2.0788494122,4,4,4,6,0,20131023174558),(8794,41.3662220817,2.0788208308,4,4,4,6,0,20131023174558),(8795,41.3661825892,2.0786505541,4,4,4,6,0,20131023174558),(8796,41.3662125214,2.0787904118,4,4,4,6,0,20131023174558),(8797,41.3661312224,2.0788449186,4,4,4,6,0,20131023174558),(8798,41.3663774768,2.0794782493,4,4,4,6,0,20131023174558),(8799,41.366408514,2.0796344099,4,4,4,6,0,20131023174558),(8800,41.3664003503,2.0796566696,4,4,4,6,0,20131023174558),(8801,41.3663064744,2.0796896248,4,4,4,6,0,20131023174558),(8802,41.3665259341,2.0794160543,4,4,4,6,0,20131023174558),(8803,41.366553392,2.0795797046,4,4,4,6,0,20131023174558),(8804,41.36643455,2.0796790911,4,4,4,6,0,20131023174558),(8805,41.3665434993,2.0796362034,4,4,4,6,0,20131023174558),(8806,41.3667038523,2.0803288642,4,4,4,6,0,20131023174558),(8807,41.3665741343,2.080380038,4,4,4,6,0,20131023174558),(8808,41.3664514745,2.0804197235,4,4,4,6,0,20131023174558),(8809,41.3668242875,2.0808495993,4,4,4,6,0,20131023174558),(8810,41.3667470974,2.0809126519,4,4,4,6,0,20131023174558),(8811,41.3666063171,2.0811310542,4,4,4,6,0,20131023174558),(8812,41.366526888,2.081332107,4,4,4,6,0,20131023174558),(8813,41.3666001576,2.0814348446,4,4,4,6,0,20131023174558),(8814,41.3666342409,2.0814052615,4,4,4,6,0,20131023174558),(8815,41.366812891,2.0811952266,4,4,4,6,0,20131023174558),(8816,41.3667195228,2.0810019957,4,4,4,6,0,20131023174558),(8817,41.3657937637,2.0826948225,4,4,4,6,0,20131023174558),(8818,41.3657298346,2.082773073,4,4,4,6,0,20131023174558),(8819,41.3657831266,2.0825973852,4,4,4,6,0,20131023174558),(8820,41.365713267,2.0824936373,4,4,4,6,0,20131023174558),(8821,41.3656289915,2.082493628,4,4,4,6,0,20131023174558),(8822,41.3655539076,2.0825220517,4,4,4,6,0,20131023174558),(8823,41.3655205027,2.0825602506,4,4,4,6,0,20131023174558),(8824,41.3655087269,2.0826626329,4,4,4,6,0,20131023174558),(8825,41.3654169534,2.0829363766,4,4,4,6,0,20131023174558),(8826,41.3654960379,2.0830411685,4,4,4,6,0,20131023174558),(8827,41.3639062314,2.0807260602,4,4,4,6,0,20131023174558),(8828,41.3636818288,2.0809690873,4,4,4,6,0,20131023174558),(8829,41.3636390125,2.0810643351,4,4,4,6,0,20131023174558),(8830,41.3634515719,2.0815283681,4,4,4,6,0,20131023174558),(8831,41.3634187203,2.0816313627,4,4,4,6,0,20131023174558),(8832,41.3635548515,2.0813152787,4,4,4,6,0,20131023174558),(8833,41.3636504376,2.0813796649,4,4,4,6,0,20131023174558),(8834,41.363811194,2.0806741282,4,4,4,6,0,20131023174558),(8835,41.3636273212,2.0814971994,4,4,4,6,0,20131023174559),(8836,41.3635838129,2.0816049901,4,4,4,6,0,20131023174559),(8837,41.3639694647,2.0806714637,4,4,4,6,0,20131023174559),(8838,41.3640148311,2.0805742459,4,4,4,6,0,20131023174559),(8839,41.3689608794,2.0797126611,4,4,4,6,0,20131023174559),(8840,41.3688742678,2.0794708826,4,4,4,6,0,20131023174559),(8841,41.3682217359,2.0801192725,4,4,4,6,0,20131023174559),(8842,41.3681367937,2.079868006,4,4,4,6,0,20131023174559),(8843,41.3680790061,2.0796139261,4,4,4,6,0,20131023174559),(8844,41.368267286,2.0793764369,4,4,4,6,0,20131023174559),(8845,41.3675348963,2.0786287293,4,4,4,6,0,20131023174559),(8846,41.3673688852,2.0788818827,4,4,4,6,0,20131023174559),(8847,41.3675018203,2.0785456751,4,4,4,6,0,20131023174559),(8848,41.367382815,2.078446114,4,4,4,6,0,20131023174559),(8849,41.367155377,2.0782628153,4,4,4,6,0,20131023174559),(8850,41.3670172462,2.078527728,4,4,4,6,0,20131023174559),(8851,41.3670562095,2.0786126874,4,4,4,6,0,20131023174559),(8852,41.367156521,2.0786988815,4,4,4,6,0,20131023174559),(8853,41.3664815136,2.0775578128,4,4,4,6,0,20131023174559),(8854,41.3663912653,2.0774780967,4,4,4,6,0,20131023174559),(8855,41.366504512,2.07766181,4,4,4,6,0,20131023174559),(8856,41.366360367,2.0778863681,4,4,4,6,0,20131023174559),(8857,41.365758066,2.0768753201,4,4,4,6,0,20131023174559),(8858,41.365671465,2.0772419334,4,4,4,6,0,20131023174559),(8859,41.3656052881,2.0771829404,4,4,4,6,0,20131023174559),(8860,41.3655823212,2.0771291705,4,4,4,6,0,20131023174559),(8861,41.3652067272,2.0763557752,4,4,4,6,0,20131023174559),(8862,41.3651996462,2.0763093669,4,4,4,6,0,20131023174559),(8863,41.3651379774,2.076241959,4,4,4,6,0,20131023174559),(8864,41.3650604387,2.0766131382,4,4,4,6,0,20131023174559),(8865,41.3648590198,2.0760371037,4,4,4,6,0,20131023174559),(8866,41.3647293874,2.0762648962,4,4,4,6,0,20131023174559),(8867,41.3647901414,2.0759022044,4,4,4,6,0,20131023174559),(8868,41.3647356002,2.0758524224,4,4,4,6,0,20131023174559),(8869,41.3646542706,2.0758395868,4,4,4,6,0,20131023174559),(8870,41.3645216947,2.0760692285,4,4,4,6,0,20131023174559),(8871,41.364342403,2.0754656373,4,4,4,6,0,20131023174559),(8872,41.3642934959,2.0754296316,4,4,4,6,0,20131023174559),(8873,41.3641757152,2.0753642292,4,4,4,6,0,20131023174559),(8874,41.3640517393,2.0755962796,4,4,4,6,0,20131023174559),(8875,41.36413197,2.0757343392,4,4,4,6,0,20131023174559),(8876,41.364059081,2.0756796912,4,4,4,6,0,20131023174559),(8877,41.3637173882,2.0749151658,4,4,4,6,0,20131023174559),(8878,41.3635924195,2.0751421678,4,4,4,6,0,20131023174559),(8879,41.3632455728,2.0744485842,4,4,4,6,0,20131023174559),(8880,41.363121619,2.0746831633,4,4,4,6,0,20131023174559),(8881,41.3632211989,2.0748563767,4,4,4,6,0,20131023174559),(8882,41.3631711049,2.0747912854,4,4,4,6,0,20131023174559),(8883,41.3624423024,2.0736627668,4,4,4,6,0,20131023174559),(8884,41.3623154702,2.0738948545,4,4,4,6,0,20131023174559),(8885,41.3621420377,2.0737846916,4,4,4,6,0,20131023174559),(8886,41.3620796533,2.0737324296,4,4,4,6,0,20131023174559),(8887,41.3614043319,2.0726171031,4,4,4,6,0,20131023174559),(8888,41.3613386907,2.072515541,4,4,4,6,0,20131023174559),(8889,41.3616628366,2.0728741012,4,4,4,6,0,20131023174559),(8890,41.3615238889,2.0731405231,4,4,4,6,0,20131023174559),(8891,41.3610997885,2.0723253301,4,4,4,6,0,20131023174559),(8892,41.3609646753,2.0725942271,4,4,4,6,0,20131023174559),(8893,41.361611626,2.073263284,4,4,4,6,0,20131023174559),(8894,41.361555995,2.07322105,4,4,4,6,0,20131023174559),(8895,41.3609752694,2.0721334998,4,4,4,6,0,20131023174559),(8896,41.3609970884,2.0722136623,4,4,4,6,0,20131023174559),(8897,41.3620677939,2.0724802921,4,4,4,6,0,20131023174559),(8898,41.3620822998,2.0724073359,4,4,4,6,0,20131023174559),(8899,41.3619625082,2.0724759845,4,4,4,6,0,20131023174559),(8900,41.3619726965,2.0724094157,4,4,4,6,0,20131023174559),(8901,41.3621068624,2.07225147,4,4,4,6,0,20131023174559),(8902,41.3620418082,2.0722123261,4,4,4,6,0,20131023174559),(8903,41.3628677876,2.0726853681,4,4,4,6,0,20131023174559),(8904,41.3628190938,2.0726560415,4,4,4,6,0,20131023174559),(8905,41.3627995529,2.0726364374,4,4,4,6,0,20131023174559),(8906,41.3628067334,2.0725798118,4,4,4,6,0,20131023174559),(8907,41.3639291053,2.0731177806,4,4,4,6,0,20131023174559),(8908,41.3639468383,2.0730502677,4,4,4,6,0,20131023174559),(8909,41.3639653266,2.0730422874,4,4,4,6,0,20131023174559),(8910,41.3640064956,2.0730655954,4,4,4,6,0,20131023174559),(8911,41.364923024,2.0734800249,4,4,4,6,0,20131023174559),(8912,41.3647939536,2.0734283881,4,4,4,6,0,20131023174559),(8913,41.364778299,2.0735126166,4,4,4,6,0,20131023174559),(8914,41.3648958858,2.0735673867,4,4,4,6,0,20131023174559),(8915,41.3656612239,2.0737213801,4,4,4,6,0,20131023174559),(8916,41.3655923739,2.0739026755,4,4,4,6,0,20131023174559),(8917,41.3655735636,2.0738993582,4,4,4,6,0,20131023174559),(8918,41.3655163848,2.0738652032,4,4,4,6,0,20131023174559),(8919,41.3666609381,2.0740225174,4,4,4,6,0,20131023174559),(8920,41.3667451599,2.0740924094,4,4,4,6,0,20131023174559),(8921,41.3665681119,2.074126738,4,4,4,6,0,20131023174559),(8922,41.3665249557,2.0742133976,4,4,4,6,0,20131023174559),(8923,41.3665500902,2.0742442389,4,4,4,6,0,20131023174559),(8924,41.3665920853,2.0742905103,4,4,4,6,0,20131023174559),(8925,41.3654999732,2.0711164559,4,4,4,6,0,20131023174559),(8926,41.3654347314,2.0711937073,4,4,4,6,0,20131023174559),(8927,41.3654414532,2.0712494686,4,4,4,6,0,20131023174559),(8928,41.3654833377,2.0713550367,4,4,4,6,0,20131023174559),(8929,41.3660694926,2.0724410685,4,4,4,6,0,20131023174559),(8930,41.3659628104,2.072476152,4,4,4,6,0,20131023174559),(8931,41.3659769838,2.0721854029,4,4,4,6,0,20131023174559),(8932,41.3660598478,2.0723662038,4,4,4,6,0,20131023174559),(8933,41.3660293686,2.0725394356,4,4,4,6,0,20131023174559),(8934,41.3660144719,2.0725493315,4,4,4,6,0,20131023174559),(8935,41.3652635492,2.0721199888,4,4,4,6,0,20131023174559),(8936,41.3652443119,2.0722019211,4,4,4,6,0,20131023174559),(8937,41.3652302541,2.0722169951,4,4,4,6,0,20131023174559),(8938,41.3651900906,2.0721993502,4,4,4,6,0,20131023174559),(8939,41.365441189,2.0742998846,4,4,4,6,0,20131023174559),(8940,41.3653872308,2.0742803922,4,4,4,6,0,20131023174559),(8941,41.3653622146,2.0742864558,4,4,4,6,0,20131023174559),(8942,41.3653446158,2.0743409888,4,4,4,6,0,20131023174559),(8943,41.3653527114,2.0743680642,4,4,4,6,0,20131023174559),(8944,41.3654035297,2.0744175423,4,4,4,6,0,20131023174559),(8945,41.3652525229,2.0749404651,4,4,4,6,0,20131023174559),(8946,41.36516929,2.0748768041,4,4,4,6,0,20131023174559),(8947,41.3651583211,2.0749825806,4,4,4,6,0,20131023174559),(8948,41.3651905724,2.07487606,4,4,4,6,0,20131023174559),(8949,41.365148958,2.0749315288,4,4,4,6,0,20131023174559),(8950,41.3651910773,2.0750290853,4,4,4,6,0,20131023174559),(8951,41.3652154432,2.0750168759,4,4,4,6,0,20131023174559),(8952,41.3652513137,2.0749726554,4,4,4,6,0,20131023174559),(8953,41.3650765227,2.0725080682,4,4,4,6,0,20131023174559),(8954,41.3650585849,2.0725686501,4,4,4,6,0,20131023174559),(8955,41.3650197141,2.0730638678,4,4,4,6,0,20131023174559),(8956,41.3649451278,2.0730333082,4,4,4,6,0,20131023174559),(8957,41.3645072077,2.0749000658,4,4,4,6,0,20131023174559),(8958,41.3644561512,2.0748715513,4,4,4,6,0,20131023174559),(8959,41.3644289563,2.0749135404,4,4,4,6,0,20131023174559),(8960,41.3643957603,2.0749994682,4,4,4,6,0,20131023174559),(8961,41.3644854014,2.0768706946,4,4,4,6,0,20131023174559),(8962,41.3644266624,2.0768475342,4,4,4,6,0,20131023174559),(8963,41.3642856345,2.0772902641,4,4,4,6,0,20131023174559),(8964,41.3642717067,2.0773538317,4,4,4,6,0,20131023174559),(8965,41.3642314651,2.0778537275,4,4,4,6,0,20131023174559),(8966,41.3642216737,2.0779145753,4,4,4,6,0,20131023174559),(8967,41.3641767256,2.0779489738,4,4,4,6,0,20131023174559),(8968,41.3641236609,2.0779323266,4,4,4,6,0,20131023174559),(8969,41.3641024904,2.077887604,4,4,4,6,0,20131023174559),(8970,41.3641234467,2.0778412649,4,4,4,6,0,20131023174559),(8971,41.3641603238,2.0777936784,4,4,4,6,0,20131023174559),(8972,41.3642159578,2.0778102893,4,4,4,6,0,20131023174559),(8973,41.3640836099,2.0783064693,4,4,4,6,0,20131023174559),(8974,41.3640720657,2.0783746705,4,4,4,6,0,20131023174559),(8975,41.3640480745,2.0783981157,4,4,4,6,0,20131023174559),(8976,41.3639886687,2.0784072961,4,4,4,6,0,20131023174559),(8977,41.3639650958,2.0783620548,4,4,4,6,0,20131023174559),(8978,41.3639683792,2.078288835,4,4,4,6,0,20131023174559),(8979,41.3640141696,2.078270218,4,4,4,6,0,20131023174559),(8980,41.36407376,2.0782841423,4,4,4,6,0,20131023174559),(8981,41.3640745305,2.078816693,4,4,4,6,0,20131023174559),(8982,41.3639982253,2.0788393019,4,4,4,6,0,20131023174559),(8983,41.3639303155,2.0760468728,4,4,4,6,0,20131023174559),(8984,41.3638788583,2.0760000347,4,4,4,6,0,20131023174559),(8985,41.3638210184,2.0760129949,4,4,4,6,0,20131023174559),(8986,41.3637771666,2.0760757718,4,4,4,6,0,20131023174559),(8987,41.3637962259,2.0761540131,4,4,4,6,0,20131023174559),(8988,41.3639086128,2.0761929077,4,4,4,6,0,20131023174559),(8989,41.3639385873,2.0761277165,4,4,4,6,0,20131023174559),(8990,41.3638421735,2.0762005262,4,4,4,6,0,20131023174559),(8991,41.3636165983,2.0766344498,4,4,4,6,0,20131023174559),(8992,41.3635851839,2.0766798164,4,4,4,6,0,20131023174559),(8993,41.3635686922,2.0766851929,4,4,4,6,0,20131023174559),(8994,41.3635218397,2.0766482629,4,4,4,6,0,20131023174559),(8995,41.3635169317,2.0766091326,4,4,4,6,0,20131023174559),(8996,41.3635459936,2.076560687,4,4,4,6,0,20131023174559),(8997,41.3635769597,2.0765561352,4,4,4,6,0,20131023174559),(8998,41.3636142269,2.0765964181,4,4,4,6,0,20131023174559),(8999,41.3632936245,2.0773464025,4,4,4,6,0,20131023174559),(9000,41.3632813706,2.0774231607,4,4,4,6,0,20131023174559),(9001,41.3632532091,2.0774312711,4,4,4,6,0,20131023174559),(9002,41.3631893852,2.0773919492,4,4,4,6,0,20131023174559),(9003,41.3631799412,2.0773529631,4,4,4,6,0,20131023174559),(9004,41.3631877574,2.0772922458,4,4,4,6,0,20131023174559),(9005,41.36321459,2.0772736856,4,4,4,6,0,20131023174559),(9006,41.3632604391,2.0772972824,4,4,4,6,0,20131023174559),(9007,41.3631669008,2.07819799,4,4,4,6,0,20131023174559),(9008,41.3631575629,2.0782697481,4,4,4,6,0,20131023174559),(9009,41.3631390458,2.078295346,4,4,4,6,0,20131023174559),(9010,41.3630823763,2.0782781152,4,4,4,6,0,20131023174559),(9011,41.3630669613,2.0782325302,4,4,4,6,0,20131023174559),(9012,41.3630760411,2.078174419,4,4,4,6,0,20131023174559),(9013,41.3631000678,2.0781492308,4,4,4,6,0,20131023174559),(9014,41.363146495,2.078170991,4,4,4,6,0,20131023174559),(9015,41.3630082443,2.0752103364,4,4,4,6,0,20131023174559),(9016,41.3629654913,2.0751628824,4,4,4,6,0,20131023174559),(9017,41.3629455805,2.0751541452,4,4,4,6,0,20131023174559),(9018,41.3629154897,2.0752047648,4,4,4,6,0,20131023174559),(9019,41.362919347,2.0752674536,4,4,4,6,0,20131023174559),(9020,41.362961152,2.0753085572,4,4,4,6,0,20131023174559),(9021,41.362990672,2.0753008541,4,4,4,6,0,20131023174559),(9022,41.3630222356,2.0752437369,4,4,4,6,0,20131023174559),(9023,41.3626232636,2.0757616918,4,4,4,6,0,20131023174559),(9024,41.3626589118,2.0757917789,4,4,4,6,0,20131023174559),(9025,41.3626922081,2.0758070714,4,4,4,6,0,20131023174559),(9026,41.3627317758,2.0757568095,4,4,4,6,0,20131023174559),(9027,41.362733557,2.0757165748,4,4,4,6,0,20131023174559),(9028,41.3626885205,2.0756619223,4,4,4,6,0,20131023174559),(9029,41.3626452472,2.0756697932,4,4,4,6,0,20131023174559),(9030,41.3626216257,2.0757148039,4,4,4,6,0,20131023174559),(9031,41.3624582716,2.0762598295,4,4,4,6,0,20131023174559),(9032,41.3624122355,2.0762573305,4,4,4,6,0,20131023174559),(9033,41.3623942889,2.0762377489,4,4,4,6,0,20131023174559),(9034,41.362397476,2.0761618279,4,4,4,6,0,20131023174559),(9035,41.3623894511,2.0768396755,4,4,4,6,0,20131023174559),(9036,41.3623701573,2.0768987173,4,4,4,6,0,20131023174559),(9037,41.3623564483,2.0769146525,4,4,4,6,0,20131023174559),(9038,41.3623128412,2.0768995253,4,4,4,6,0,20131023174559),(9039,41.3622903694,2.0768578637,4,4,4,6,0,20131023174559),(9040,41.3623108365,2.0767972312,4,4,4,6,0,20131023174559),(9041,41.3623355125,2.0767685479,4,4,4,6,0,20131023174559),(9042,41.3623779422,2.0767847411,4,4,4,6,0,20131023174559),(9043,41.3621888647,2.0778308657,4,4,4,6,0,20131023174559),(9044,41.3621739765,2.0778960443,4,4,4,6,0,20131023174559),(9045,41.3621475512,2.0779164685,4,4,4,6,0,20131023174559),(9046,41.3620965917,2.0778915193,4,4,4,6,0,20131023174559),(9047,41.3620944905,2.0778554551,4,4,4,6,0,20131023174559),(9048,41.3621037316,2.0778019864,4,4,4,6,0,20131023174559),(9049,41.3621358521,2.0777758673,4,4,4,6,0,20131023174559),(9050,41.3621722495,2.0777934017,4,4,4,6,0,20131023174559),(9051,41.3622030949,2.0773430553,4,4,4,6,0,20131023174559),(9052,41.3622152224,2.0772896769,4,4,4,6,0,20131023174559),(9053,41.3618438947,2.074210549,4,4,4,6,0,20131023174559),(9054,41.36191292,2.0742411672,4,4,4,6,0,20131023174559),(9055,41.361864603,2.0741191543,4,4,4,6,0,20131023174559),(9056,41.3619006312,2.0741145819,4,4,4,6,0,20131023174559),(9057,41.361884286,2.0742494879,4,4,4,6,0,20131023174559),(9058,41.3618384514,2.0741736566,4,4,4,6,0,20131023174559),(9059,41.3619537255,2.0741488423,4,4,4,6,0,20131023174559),(9060,41.3619559503,2.0741938325,4,4,4,6,0,20131023174559),(9061,41.3616723398,2.074666655,4,4,4,6,0,20131023174559),(9062,41.3616233538,2.0746208461,4,4,4,6,0,20131023174559),(9063,41.3616063401,2.074894694,4,4,4,6,0,20131023174559),(9064,41.3615630075,2.074852306,4,4,4,6,0,20131023174559),(9065,41.3614532936,2.0745012632,4,4,4,6,0,20131023174559),(9066,41.3614218178,2.074539726,4,4,4,6,0,20131023174559),(9067,41.3611291942,2.0752356002,4,4,4,6,0,20131023174559),(9068,41.3610836367,2.075230205,4,4,4,6,0,20131023174559),(9069,41.3610534065,2.0752510177,4,4,4,6,0,20131023174559),(9070,41.36103034,2.0753155804,4,4,4,6,0,20131023174559),(9071,41.3613471468,2.0754129948,4,4,4,6,0,20131023174559),(9072,41.3612970282,2.0753494331,4,4,4,6,0,20131023174559),(9073,41.3612434371,2.0754826714,4,4,4,6,0,20131023174559),(9074,41.3611909011,2.075464184,4,4,4,6,0,20131023174559),(9075,41.3609774177,2.0763386515,4,4,4,6,0,20131023174559),(9076,41.3609901891,2.0762789907,4,4,4,6,0,20131023174559),(9077,41.3610149725,2.0762595039,4,4,4,6,0,20131023174559),(9078,41.3610626489,2.076276417,4,4,4,6,0,20131023174559),(9079,41.3610754693,2.0763202002,4,4,4,6,0,20131023174559),(9080,41.361061069,2.0763710912,4,4,4,6,0,20131023174559),(9081,41.3610350587,2.0763833542,4,4,4,6,0,20131023174559),(9082,41.3609967501,2.0763683778,4,4,4,6,0,20131023174559),(9083,41.3609685318,2.0766889368,4,4,4,6,0,20131023174559),(9084,41.3609235829,2.076671985,4,4,4,6,0,20131023174559),(9085,41.3607702896,2.0773616158,4,4,4,6,0,20131023174559),(9086,41.360754191,2.0773391032,4,4,4,6,0,20131023174559),(9087,41.3607968538,2.0772580202,4,4,4,6,0,20131023174559),(9088,41.3608523307,2.0773021831,4,4,4,6,0,20131023174559),(9089,41.3608618915,2.0769541633,4,4,4,6,0,20131023174559),(9090,41.3609078595,2.0769757635,4,4,4,6,0,20131023174559),(9091,41.3608413097,2.0772785571,4,4,4,6,0,20131023174559),(9092,41.3608195575,2.0773835567,4,4,4,6,0,20131023174559),(9093,41.3608387026,2.0773728783,4,4,4,6,0,20131023174559),(9094,41.3607702511,2.0772781571,4,4,4,6,0,20131023174559),(9095,41.3606403761,2.0779761988,4,4,4,6,0,20131023174559),(9096,41.3606865842,2.0779886294,4,4,4,6,0,20131023174559),(9097,41.361971934,2.0727790913,4,4,4,6,0,20131023174559),(9098,41.3618788239,2.0727595151,4,4,4,6,0,20131023174559),(9099,41.3618650626,2.0728194091,4,4,4,6,0,20131023174559),(9100,41.3619009427,2.0730865522,4,4,4,6,0,20131023174559),(9101,41.3618253017,2.0730020542,4,4,4,6,0,20131023174559),(9102,41.3619044876,2.072745449,4,4,4,6,0,20131023174559),(9230,41.6181854767304,2.13225960731506,2,3,2,12,0,20140116162940),(9231,41.6122037311172,2.13746309280396,2,3,2,0,0,20140207143836),(9232,41.6122543667261,2.13617093861103,2,3,2,0,0,20140207143836),(9233,41.611276240161,2.13661685585976,2,3,2,0,0,20140207143836),(9234,41.6122689056559,2.13621586561203,2,3,2,29,0,20140207144740),(9235,41.6122864526358,2.13742017745972,2,3,2,29,0,20140207144740),(9236,41.6112491672517,2.13663294911385,2,3,2,29,0,20140207144740),(9237,41.36856413680967,2.1085166931152344,1,2,2,5,0,20150826074138),(9238,41.360391137602306,2.075042724609375,1,1,1,5,0,20160212191629),(9239,41.41286565600376,2.1612167358398438,4,2,3,5,0,20170714151052);
/*!40000 ALTER TABLE `dada` ENABLE KEYS */;
UNLOCK TABLES;

--
-- Table structure for table `entitats`
--

DROP TABLE IF EXISTS `entitats`;
/*!40101 SET @saved_cs_client     = @@character_set_client */;
 SET character_set_client = utf8mb4 ;
CREATE TABLE `entitats` (
  `identitat` int(11) NOT NULL AUTO_INCREMENT,
  `nom` char(30) NOT NULL,
  PRIMARY KEY (`identitat`)
) ENGINE=InnoDB AUTO_INCREMENT=19 DEFAULT CHARSET=utf8;
/*!40101 SET character_set_client = @saved_cs_client */;

--
-- Dumping data for table `entitats`
--

LOCK TABLES `entitats` WRITE;
/*!40000 ALTER TABLE `entitats` DISABLE KEYS */;
INSERT INTO `entitats` VALUES (1,'entitat 1'),(9,'test'),(10,'RFM d\'Olot'),(11,'entitat3'),(14,'ENTITAT TEST'),(15,'ENTITAT SOLUCIONS'),(16,'Solucions'),(17,'SABADELL'),(18,'aaa');
/*!40000 ALTER TABLE `entitats` ENABLE KEYS */;
UNLOCK TABLES;

--
-- Table structure for table `estats`
--

DROP TABLE IF EXISTS `estats`;
/*!40101 SET @saved_cs_client     = @@character_set_client */;
 SET character_set_client = utf8mb4 ;
CREATE TABLE `estats` (
  `idestat` int(11) NOT NULL AUTO_INCREMENT,
  `nom` varchar(45) NOT NULL,
  `descripcio` varchar(245) DEFAULT NULL,
  PRIMARY KEY (`idestat`)
) ENGINE=InnoDB AUTO_INCREMENT=6 DEFAULT CHARSET=utf8;
/*!40101 SET character_set_client = @saved_cs_client */;

--
-- Dumping data for table `estats`
--

LOCK TABLES `estats` WRITE;
/*!40000 ALTER TABLE `estats` DISABLE KEYS */;
INSERT INTO `estats` VALUES (1,'Perfecte','En estat perfecte (nou o com nou)'),(2,'Correcte','En estat correcte per a realitzar la seva funcionalitat.'),(3,'Normal','Serveix per a realitzar la seva funcionalitat.'),(4,'Avariat','L\'objecte no funciona / no serveix però es pot reparar'),(5,'Deteriorat','No serveix, massa vell o deteriorat per a poder ser reparat');
/*!40000 ALTER TABLE `estats` ENABLE KEYS */;
UNLOCK TABLES;

--
-- Table structure for table `objectes`
--

DROP TABLE IF EXISTS `objectes`;
/*!40101 SET @saved_cs_client     = @@character_set_client */;
 SET character_set_client = utf8mb4 ;
CREATE TABLE `objectes` (
  `idobjecte` int(11) NOT NULL AUTO_INCREMENT,
  `nom` varchar(45) NOT NULL,
  `descripcio` varchar(245) DEFAULT NULL,
  PRIMARY KEY (`idobjecte`)
) ENGINE=InnoDB AUTO_INCREMENT=7 DEFAULT CHARSET=utf8;
/*!40101 SET character_set_client = @saved_cs_client */;

--
-- Dumping data for table `objectes`
--

LOCK TABLES `objectes` WRITE;
/*!40000 ALTER TABLE `objectes` DISABLE KEYS */;
INSERT INTO `objectes` VALUES (1,'desconegut','Objecte sense identificar.'),(2,'Contenidor','Contenidor de brossa'),(3,'Semàfor','Semàfor de trànsit'),(4,'Gual','Gual temporal o permanent'),(5,'Paperera','Paperera de brossa'),(6,'Parking','Parking de bicicletes');
/*!40000 ALTER TABLE `objectes` ENABLE KEYS */;
UNLOCK TABLES;

--
-- Table structure for table `perfils`
--

DROP TABLE IF EXISTS `perfils`;
/*!40101 SET @saved_cs_client     = @@character_set_client */;
 SET character_set_client = utf8mb4 ;
CREATE TABLE `perfils` (
  `idperfil` int(11) NOT NULL AUTO_INCREMENT,
  `nom` varchar(45) NOT NULL,
  `descripcio` varchar(255) DEFAULT NULL,
  PRIMARY KEY (`idperfil`)
) ENGINE=InnoDB AUTO_INCREMENT=3 DEFAULT CHARSET=utf8;
/*!40101 SET character_set_client = @saved_cs_client */;

--
-- Dumping data for table `perfils`
--

LOCK TABLES `perfils` WRITE;
/*!40000 ALTER TABLE `perfils` DISABLE KEYS */;
INSERT INTO `perfils` VALUES (1,'Operador','Persona encarregada de gestionar les tasques.'),(2,'Tècnic','Tècnic de camp, encarregat de realitzar les tasques.');
/*!40000 ALTER TABLE `perfils` ENABLE KEYS */;
UNLOCK TABLES;

--
-- Table structure for table `usuaris`
--

DROP TABLE IF EXISTS `usuaris`;
/*!40101 SET @saved_cs_client     = @@character_set_client */;
 SET character_set_client = utf8mb4 ;
CREATE TABLE `usuaris` (
  `idusuari` int(11) NOT NULL AUTO_INCREMENT,
  `usuari` varchar(150) NOT NULL,
  `hash` varchar(95) NOT NULL,
  `idperfil` int(11) NOT NULL,
  `nom` varchar(45) DEFAULT NULL,
  `identitat` int(11) DEFAULT NULL,
  `token` char(30) DEFAULT NULL,
  PRIMARY KEY (`idusuari`),
  KEY `perfils_rel_idx` (`idperfil`),
  CONSTRAINT `perfils_rel` FOREIGN KEY (`idperfil`) REFERENCES `perfils` (`idperfil`) ON DELETE NO ACTION ON UPDATE NO ACTION
) ENGINE=InnoDB AUTO_INCREMENT=32 DEFAULT CHARSET=utf8;
/*!40101 SET character_set_client = @saved_cs_client */;

--
-- Dumping data for table `usuaris`
--

LOCK TABLES `usuaris` WRITE;
/*!40000 ALTER TABLE `usuaris` DISABLE KEYS */;
INSERT INTO `usuaris` VALUES (2,'a','0cc175b9c0f1b6a831c399e269772661',1,'operador',1,'j2NBRPeM33PHo4F3z6oKEITEh'),(5,'ricard.figuls@altran.com','92eb5ffee6ae2fec3ad71c777531578f',2,'tècnic 3',1,'oFPbKsDhXvxQyYOoUtqBH57kD'),(6,'ricard.figuls@gmail.com','c23e93558ec3f6a3fe0d1de2019c1f58',1,'Ricard Figuls Mateu',1,NULL),(7,'f','92eb5ffee6ae2fec3ad71c777531578f',2,'Mariona Gelabert',1,NULL),(8,'g','92eb5ffee6ae2fec3ad71c777531578f',2,'José Antonio Pérez',1,NULL),(9,'i','92eb5ffee6ae2fec3ad71c777531578f',2,'María Vidal',1,NULL),(11,'k','92eb5ffee6ae2fec3ad71c777531578f',1,'Lluís Balaguer',1,NULL),(12,'l','92eb5ffee6ae2fec3ad71c777531578f',2,'David Muntaner',1,NULL),(13,'h','92eb5ffee6ae2fec3ad71c777531578f',2,'Marc Creus',1,NULL),(14,'ricky','c23e93558ec3f6a3fe0d1de2019c1f58',1,'ricky',9,NULL),(17,'ricard.figuls2@gmail.com','caadf539fa2ae03e14dfc2228c08e57b',1,'usuari3',11,NULL),(26,'test@test.com','05a671c66aefea124cc08b76ea6d30bb',1,'USUARI TEST',14,NULL),(27,'adreça@real.com','ba2ab6764da28052692722af30749382',1,'USUARI SOLUCIONS',15,NULL),(28,'tecnic@solucions.com','',2,'TECNIC SOLUCIONS',15,NULL),(29,'d@gmail.com','425d7f7233270c3f742f95b4b769a4dd',2,'David Gutiz',16,NULL),(30,'jrz@s.info','97734477dcab2ed5aa42ec20d2b69de1',1,'jose pérez',17,NULL),(31,'aaa@aaa.net','3dbe00a167653a1aaee01d93e77e730e',1,'aaa',18,NULL);
/*!40000 ALTER TABLE `usuaris` ENABLE KEYS */;
UNLOCK TABLES;

--
-- Dumping events for database 'rfmsoftn_sg'
--

--
-- Dumping routines for database 'rfmsoftn_sg'
--
/*!40103 SET TIME_ZONE=@OLD_TIME_ZONE */;

/*!40101 SET SQL_MODE=@OLD_SQL_MODE */;
/*!40014 SET FOREIGN_KEY_CHECKS=@OLD_FOREIGN_KEY_CHECKS */;
/*!40014 SET UNIQUE_CHECKS=@OLD_UNIQUE_CHECKS */;
/*!40101 SET CHARACTER_SET_CLIENT=@OLD_CHARACTER_SET_CLIENT */;
/*!40101 SET CHARACTER_SET_RESULTS=@OLD_CHARACTER_SET_RESULTS */;
/*!40101 SET COLLATION_CONNECTION=@OLD_COLLATION_CONNECTION */;
/*!40111 SET SQL_NOTES=@OLD_SQL_NOTES */;

-- Dump completed on 2019-05-10 23:29:18
